projectFspConfigurationName;phoneNumber;preferredLanguage;paymentAmountMultiplier;maxPayments;fullName;idNumber;age;gender;bankAccountNumber
Awash-bank-ethiopia;251406725563;en;1;3;Anna Lloyd;5926161705;35;female;1000464047990
Awash-bank-ethiopia;251760752528;en;1;3;Amy Stark;1952210990;75;female;1000532049372
Commercial-bank-ethiopia;251646424269;en;1;3;Clinton Underwood;9731550044;75;male;1000531704242
Awash-bank-ethiopia;251757419608;en;1;3;Ryan Sanchez;8436689586;75;male;1000251577168
Awash-bank-ethiopia;251282026137;en;1;3;Monica Brown;3917774004;83;female;1000206897925
Awash-bank-ethiopia;251123391327;en;1;3;Kyle Ramos;1750843993;83;male;1000936520509
Awash-bank-ethiopia;251199574726;en;1;3;Jason Curtis;9596481071;83;male;1000857034507
Awash-bank-ethiopia;251537957227;en;1;3;Shaun Burnett;4116232237;85;male;1000267723776
Awash-bank-ethiopia;251677481347;en;1;3;Christopher York;1181666837;89;male;1000676657175
Commercial-bank-ethiopia;251373596713;en;1;3;Kevin Ward;5851770892;84;male;1000288399047
Commercial-bank-ethiopia;251645752123;en;1;3;Wendy Miller;4469356771;24;female;1000210673798
Awash-bank-ethiopia;251170337846;en;1;3;Michael Wilson;7004165011;75;male;1000868156944
Commercial-bank-ethiopia;251178351524;en;1;3;Alexandra Thornton;2382227385;32;female;1000219258147
Awash-bank-ethiopia;251231733001;en;1;3;Ann Bauer;9917890144;68;female;1000373186345
Awash-bank-ethiopia;251639191975;en;1;3;Geoffrey Mcmahon;7362265691;75;male;1000640757249
Commercial-bank-ethiopia;251583668797;en;1;3;Antonio Haynes;9306103923;85;male;1000857117893
Commercial-bank-ethiopia;251410674100;en;1;3;Jason Torres;1487242132;87;male;1000142245565
Commercial-bank-ethiopia;251491063848;en;1;3;Benjamin Barry;1893258886;88;male;1000904158625
Awash-bank-ethiopia;251637144931;en;1;3;Bobby Ferguson;2321829887;72;male;1000572405800
Awash-bank-ethiopia;251449645369;en;1;3;Angela Wallace;5543461723;80;female;1000674132034
Awash-bank-ethiopia;251742326627;en;1;3;Brandon Fischer;2265848529;76;male;1000929089374
Awash-bank-ethiopia;251806812562;en;1;3;Seth Chambers;1366185641;73;male;1000885008125
Commercial-bank-ethiopia;251946696065;en;1;3;James Garza;8165115219;77;male;1000450094020
Commercial-bank-ethiopia;251784434278;en;1;3;Brian Smith;4868588218;70;male;1000117132149
Commercial-bank-ethiopia;251360672461;en;1;3;Andrew Schultz;4740956772;69;male;1000121019750
Commercial-bank-ethiopia;251507356149;en;1;3;Mary Taylor;8673729352;68;female;1000404644296
Commercial-bank-ethiopia;251791037831;en;1;3;Scott Scott;4060079982;85;male;1000578404727
Commercial-bank-ethiopia;251826334202;en;1;3;Douglas Bell;9567038778;81;male;1000213707048
Commercial-bank-ethiopia;251474775180;en;1;3;Bryan Mclaughlin;2541483785;83;male;1000808300618
Awash-bank-ethiopia;251750812141;en;1;3;Billy Hubbard;8622717311;73;male;1000199189409
Awash-bank-ethiopia;251842765504;en;1;3;Jennifer Lee;6547930130;71;female;1000753305238
Commercial-bank-ethiopia;251299330215;en;1;3;Thomas Cole;5905088714;88;male;1000598823847
Awash-bank-ethiopia;251410137924;en;1;3;Tina Kemp;3411232374;84;female;1000134745241
Commercial-bank-ethiopia;251376208671;en;1;3;Steven Pierce;5197589700;87;male;1000836814458
Awash-bank-ethiopia;251414471186;en;1;3;Kim Hutchinson;5952336950;69;female;1000311069545
Commercial-bank-ethiopia;251449947486;en;1;3;Jeff Dodson;1729538201;81;male;1000766113185
Awash-bank-ethiopia;251338022202;en;1;3;Mallory Lindsey;4265188128;78;female;1000298482637
Commercial-bank-ethiopia;251332986512;en;1;3;Elizabeth Vasquez;8569995096;89;female;1000808185627
Commercial-bank-ethiopia;251675549927;en;1;3;Susan Joyce;6476438127;70;female;1000591341153
Awash-bank-ethiopia;251457934364;en;1;3;Mrs. Stephanie Tran MD;3514715008;85;female;1000704331418
Commercial-bank-ethiopia;251276832604;en;1;3;Sandra Hunt;1510442883;78;female;1000357439842
Commercial-bank-ethiopia;251215362783;en;1;3;Andre Lang;2664982100;85;male;1000700522204
Commercial-bank-ethiopia;251394022336;en;1;3;George Blackburn;3989197684;73;male;1000203564828
Awash-bank-ethiopia;251852967859;en;1;3;Aaron Price;4442785495;78;male;1000157240686
Commercial-bank-ethiopia;251650015900;en;1;3;David James;9230606192;80;male;1000933303622
Commercial-bank-ethiopia;251836648074;en;1;3;Candice Peterson;2765644604;82;female;1000720806041
Commercial-bank-ethiopia;251558059237;en;1;3;Andre Ray;2990800335;81;male;1000986641080
Awash-bank-ethiopia;251371971223;en;1;3;Patrick Torres PhD;9558236133;79;male;1000394613990
Commercial-bank-ethiopia;251837481446;en;1;3;David Tucker;4331729669;66;male;1000207184424
Awash-bank-ethiopia;251791894523;en;1;3;Debra Romero;6987574479;66;female;1000645808596
Commercial-bank-ethiopia;251508422612;en;1;3;Scott Grant;3965339924;72;male;1000118969438
Commercial-bank-ethiopia;251455199962;en;1;3;Natalie Castillo;6837582024;63;female;1000587523134
Commercial-bank-ethiopia;251989757792;en;1;3;Veronica Bray;3654682884;78;female;1000781326657
Awash-bank-ethiopia;251585026337;en;1;3;Samantha Obrien;4919090988;69;female;1000672144891
Awash-bank-ethiopia;251868441214;en;1;3;Kyle Davis;5059556111;70;male;1000771985328
Commercial-bank-ethiopia;251738501428;en;1;3;Jonathan Wilkins;4707726205;72;male;1000202467876
Awash-bank-ethiopia;251401322641;en;1;3;Lynn Martinez;1253389892;84;female;1000360569111
Awash-bank-ethiopia;251945052683;en;1;3;Amanda Freeman;4140052537;86;female;1000293692515
Commercial-bank-ethiopia;251246138248;en;1;3;Jacob Williams;2744350039;78;male;1000673199999
Commercial-bank-ethiopia;251267962060;en;1;3;John Rodriguez;7215474549;74;male;1000262487657
Awash-bank-ethiopia;251795280282;en;1;3;Dennis Wilson;6547506902;76;male;1000262683229
Awash-bank-ethiopia;251262860345;en;1;3;Andrew Pittman;6254427046;70;male;1000722170433
Awash-bank-ethiopia;251685747397;en;1;3;William Hunt;2928825120;75;male;1000760958288
Commercial-bank-ethiopia;251696769818;en;1;3;James Campbell;6263224177;75;male;1000720524637
Commercial-bank-ethiopia;251519716485;en;1;3;Debra Reynolds;4980949991;78;female;1000545249715
Commercial-bank-ethiopia;251525326611;en;1;3;James Hughes;7554685786;83;male;1000981181404
Awash-bank-ethiopia;251120664354;en;1;3;Jordan Smith;5929487843;81;male;1000359766560
Awash-bank-ethiopia;251761121285;en;1;3;Christopher Taylor;8075823311;75;male;1000849936453
Commercial-bank-ethiopia;251546350815;en;1;3;Eric Short;2523502527;86;male;1000295619503
Commercial-bank-ethiopia;251727080187;en;1;3;Gary Hendricks;3659123825;68;male;1000745345314
Commercial-bank-ethiopia;251255615216;en;1;3;Monica Cohen;7123630752;66;female;1000840643077
Awash-bank-ethiopia;251530567438;en;1;3;Stephanie Sosa;9825206457;81;female;1000232177882
Commercial-bank-ethiopia;251725809722;en;1;3;Christine Hayes;8225404488;68;female;1000706876970
Awash-bank-ethiopia;251660249758;en;1;3;Sean Woods;7967890308;79;male;1000895001178
Commercial-bank-ethiopia;251375636754;en;1;3;Peter Khan;2799973435;82;male;1000253609096
Commercial-bank-ethiopia;251300168466;en;1;3;James Allen;2956508159;81;male;1000903364693
Commercial-bank-ethiopia;251377207749;en;1;3;Ethan Smith;4570275507;85;male;1000404644293
Awash-bank-ethiopia;251876337185;en;1;3;Morgan Carlson;3420268308;77;female;1000316968724
Commercial-bank-ethiopia;251481495513;en;1;3;Stephanie Beck;1781671538;70;female;1000733826780
Awash-bank-ethiopia;251229197252;en;1;3;Jessica Shepard;4038657147;87;female;1000649873450
Awash-bank-ethiopia;251939867260;en;1;3;Scott Fitzgerald;5444366660;83;male;1000885904367
Commercial-bank-ethiopia;251511950492;en;1;3;Colleen Davis;8732875805;88;female;1000811094907
Commercial-bank-ethiopia;251852443853;en;1;3;David Taylor;5371538991;74;male;1000112750320
Awash-bank-ethiopia;251989714825;en;1;3;Jessica Figueroa;1677646862;88;female;1000272461399
Commercial-bank-ethiopia;251640395499;en;1;3;Richard Moore;2044498984;82;male;1000175775713
Commercial-bank-ethiopia;251635637164;en;1;3;Alex Phillips;2038809504;75;male;1000274479504
Awash-bank-ethiopia;251828607799;en;1;3;Allison Church;2921140258;71;female;1000852861927
Awash-bank-ethiopia;251819468225;en;1;3;Christine Green;4496895206;82;female;1000815238464
Commercial-bank-ethiopia;251452386037;en;1;3;Brent Brown;8906662514;87;male;1000919667769
Commercial-bank-ethiopia;251534098631;en;1;3;Paula Oneal;7942874051;90;female;1000298689149
Awash-bank-ethiopia;251395705058;en;1;3;Isabel Coleman;4462771217;78;female;1000158771185
Commercial-bank-ethiopia;251874066027;en;1;3;Casey Vasquez;9126371257;89;male;1000116939908
Awash-bank-ethiopia;251114501139;en;1;3;Maria James;4313041564;68;female;1000726716288
Awash-bank-ethiopia;251206699875;en;1;3;Gina White;9121412363;78;female;1000897462581
Commercial-bank-ethiopia;251164514446;en;1;3;Robert Rivera;2981292328;75;male;1000467619327
Commercial-bank-ethiopia;251371607120;en;1;3;Justin Flynn;9919925444;81;male;1000828793974
Commercial-bank-ethiopia;251388238695;en;1;3;Kenneth Long;2317331206;77;male;1000334591968
Awash-bank-ethiopia;251955097183;en;1;3;Erica Galloway;9998277481;80;female;1000655145754
Commercial-bank-ethiopia;251809597083;en;1;3;Michael Perez;4043674114;67;male;1000364988877
Awash-bank-ethiopia;251855552860;en;1;3;Kevin Nixon;6783803024;88;male;1000147608054
Commercial-bank-ethiopia;251572028136;en;1;3;Nicole Garcia;5957348013;90;female;1000229989337
Commercial-bank-ethiopia;251581859250;en;1;3;Rebecca Marquez;1109308129;85;female;1000987246953
Commercial-bank-ethiopia;251968129742;en;1;3;Jessica Neal;5958673056;70;female;1000983325562
Commercial-bank-ethiopia;251338809111;en;1;3;Mark Hart;7713677002;67;male;1000766514313
Commercial-bank-ethiopia;251303249853;en;1;3;Cheryl Jones;5882740486;77;female;1000945673804
Commercial-bank-ethiopia;251650061069;en;1;3;Philip Smith;1801237629;81;male;1000248415836
Commercial-bank-ethiopia;251234820188;en;1;3;Steven Bruce;8767513152;68;male;1000773699267
Awash-bank-ethiopia;251856827271;en;1;3;Brandi Young;7645345788;69;female;1000602018462
Awash-bank-ethiopia;251212564244;en;1;3;George Murillo;9554679764;69;male;1000821310094
Awash-bank-ethiopia;251333042722;en;1;3;Jeremy Smith;1864005988;89;male;1000174989737
Awash-bank-ethiopia;251573969639;en;1;3;Tammy Miller;9296812288;66;female;1000181948765
Awash-bank-ethiopia;251210944843;en;1;3;Stephanie Harris;2232568155;68;female;1000728303855
Awash-bank-ethiopia;251331784144;en;1;3;Johnny Sanchez;5548674035;77;male;1000806531869
Commercial-bank-ethiopia;251444802966;en;1;3;Susan Gutierrez;5409475525;68;female;1000129797351
Commercial-bank-ethiopia;251191462900;en;1;3;David Kerr;5075760965;72;male;1000867943888
Commercial-bank-ethiopia;251952878849;en;1;3;Timothy Jenkins;9920096498;75;male;1000219988354
Commercial-bank-ethiopia;251162775911;en;1;3;Curtis Carter;3439148183;71;male;1000581582731
Awash-bank-ethiopia;251289149573;en;1;3;Laura Carter;1018130295;20;female;1000568105759
Awash-bank-ethiopia;251205287261;en;1;3;Kayla Mccoy;6153866124;81;female;1000938339885
Awash-bank-ethiopia;251811899659;en;1;3;Jeremy Dean;8790094028;84;male;1000237501019
Awash-bank-ethiopia;251990997989;en;1;3;Michael Nelson;2143566311;78;male;1000796080321
Commercial-bank-ethiopia;251684832256;en;1;3;Melinda King;4045992988;82;female;1000892773052
Commercial-bank-ethiopia;251165197111;en;1;3;Brenda Montoya;1556940324;77;female;1000827305918
Commercial-bank-ethiopia;251915146327;en;1;3;Stephen Sanchez;3599544431;78;male;1000433073080
Commercial-bank-ethiopia;251343513591;en;1;3;Tammy Green;8347177932;75;female;1000542390482
Commercial-bank-ethiopia;251971465919;en;1;3;Barbara Johnson;1615792934;75;female;1000257639677
Commercial-bank-ethiopia;251228475276;en;1;3;Kathleen Collins;8691355794;86;female;1000170872866
Commercial-bank-ethiopia;251881688435;en;1;3;Christine Bishop;7674053781;79;female;1000674238270
Awash-bank-ethiopia;251668274392;en;1;3;Christina Nunez;4996087729;72;female;1000224936754
Awash-bank-ethiopia;251862716400;en;1;3;Thomas Meza;4290914570;71;male;1000930127108
Commercial-bank-ethiopia;251956886716;en;1;3;Sandra Thompson;6430684335;78;female;1000627948499
Awash-bank-ethiopia;251995484482;en;1;3;Jay Guerrero;5588043308;73;male;1000709662761
Commercial-bank-ethiopia;251378847306;en;1;3;Jillian Jackson;8196072794;80;female;1000378125920
Awash-bank-ethiopia;251881577031;en;1;3;Richard Duran;4948532895;75;male;1000960417496
Awash-bank-ethiopia;251549276956;en;1;3;Heather Mcdonald;2918359808;66;female;1000157202542
Awash-bank-ethiopia;251915121154;en;1;3;Jason Hull;6962840807;79;male;1000520853899
Commercial-bank-ethiopia;251546764268;en;1;3;Tiffany Ellis;8604580418;90;female;1000598080454
Awash-bank-ethiopia;251739420401;en;1;3;Mary Cisneros;8467252351;86;female;1000120438236
Commercial-bank-ethiopia;251952755420;en;1;3;Paul Parker;5998636290;74;male;1000917649896
Awash-bank-ethiopia;251911342791;en;1;3;Stacy Matthews;1983100180;69;female;1000176604658
Commercial-bank-ethiopia;251955960449;en;1;3;James Williams;4863270644;67;male;1000298343540
Awash-bank-ethiopia;251639753161;en;1;3;Christy Williams;5759591584;69;female;1000885122702
Commercial-bank-ethiopia;251773580366;en;1;3;David Hanson;5712881473;79;male;1000196184646
Commercial-bank-ethiopia;251147769208;en;1;3;Wayne Clay;2698532496;83;male;1000332817808
Awash-bank-ethiopia;251291509352;en;1;3;Kelly Garcia;3322121083;75;female;1000457547051
Commercial-bank-ethiopia;251564449328;en;1;3;Preston Wilson;8183750934;69;male;1000896712010
Awash-bank-ethiopia;251619688105;en;1;3;Dorothy James;8487268306;70;female;1000535616769
Awash-bank-ethiopia;251500733508;en;1;3;Carla Brown;7122751270;89;female;1000434256608
Awash-bank-ethiopia;251869626172;en;1;3;Monica Smith;1721337019;81;female;1000727941475
Awash-bank-ethiopia;251305855017;en;1;3;Nancy Brown;9546205601;70;female;1000390842895
Commercial-bank-ethiopia;251798515301;en;1;3;Gary Brooks;1561453228;77;male;1000312132541
Commercial-bank-ethiopia;251849348741;en;1;3;Jason Hoffman;5440894693;87;male;1000148363069
Awash-bank-ethiopia;251248536108;en;1;3;Duane Anderson;6184113002;77;male;1000806140244
Commercial-bank-ethiopia;251206499809;en;1;3;Katherine Wright;2206773032;86;female;1000795679135
Commercial-bank-ethiopia;251908463169;en;1;3;Eric Yang;4315869894;90;male;1000625330922
Commercial-bank-ethiopia;251503399176;en;1;3;Sarah Graham;9598233803;80;female;1000313327111
Commercial-bank-ethiopia;251732955563;en;1;3;Megan Kemp;9376223288;79;female;1000267252120
Awash-bank-ethiopia;251115706391;en;1;3;William Mcclain;1932180160;80;male;1000198377541
Awash-bank-ethiopia;251963401621;en;1;3;Michael Wiley;2064919577;72;male;1000636572900
Awash-bank-ethiopia;251418618700;en;1;3;Samantha Rodriguez;5687152471;81;female;1000252486331
Commercial-bank-ethiopia;251615130513;en;1;3;Kimberly Jones;3656350118;72;female;1000439137838
Awash-bank-ethiopia;251936498382;en;1;3;Stephen Mcconnell;9390737369;73;male;1000687611864
Commercial-bank-ethiopia;251826746501;en;1;3;Megan Alvarado MD;7999517646;67;female;1000478033928
Commercial-bank-ethiopia;251131711742;en;1;3;Elizabeth Ramirez;3913312906;85;female;1000697442793
Awash-bank-ethiopia;251902588530;en;1;3;Laura Smith;9725592083;79;female;1000191993123
Awash-bank-ethiopia;251939649718;en;1;3;Tara Doyle;6936758070;81;female;1000149058733
Commercial-bank-ethiopia;251533631291;en;1;3;Patricia Kelly;2121664049;74;female;1000985914203
Commercial-bank-ethiopia;251513110601;en;1;3;Kathleen Walton;3668623783;66;female;1000484178619
Commercial-bank-ethiopia;251623349136;en;1;3;Jacob Chen;4878852042;79;male;1000247664786
Awash-bank-ethiopia;251538244307;en;1;3;Shawn Jennings;7465979012;80;male;1000303693485
Commercial-bank-ethiopia;251921802935;en;1;3;Mitchell Hernandez;8680718745;76;male;1000632039027
Awash-bank-ethiopia;251408306122;en;1;3;Ashley Sims;9536133986;66;female;1000696818366
Awash-bank-ethiopia;251725360235;en;1;3;Nicholas Johnson;8748226965;72;male;1000443915069
Commercial-bank-ethiopia;251442086069;en;1;3;Amy Hayes;3191084067;87;female;1000481272182
Awash-bank-ethiopia;251331242295;en;1;3;Sabrina Walls;8683769131;74;female;1000998042930
Commercial-bank-ethiopia;251546530523;en;1;3;Ricardo Williams;4640240588;75;male;1000735616971
Awash-bank-ethiopia;251335001178;en;1;3;Judith Warren;5197794891;89;female;1000175139991
Awash-bank-ethiopia;251674833251;en;1;3;Cheryl Ray;6921129293;80;female;1000433810463
Commercial-bank-ethiopia;251671985044;en;1;3;David Mcneil;2356682732;69;male;1000208369327
Commercial-bank-ethiopia;251805605236;en;1;3;Jessica Torres;1888355406;85;female;1000883069946
Awash-bank-ethiopia;251628933076;en;1;3;Kenneth Anderson;2540225401;71;male;1000314290980
Commercial-bank-ethiopia;251268838806;en;1;3;Donna Warner;6802494045;39;female;1000751615734
Commercial-bank-ethiopia;251209888068;en;1;3;Lisa Allen;2380103337;85;female;1000652116960
Awash-bank-ethiopia;251411234123;en;1;3;Deborah Kirk;7770977553;82;female;1000489083393
Awash-bank-ethiopia;251333048148;en;1;3;Laurie Garcia;4930263102;73;female;1000313333044
Commercial-bank-ethiopia;251751886467;en;1;3;Andrew Rodriguez;7082789544;89;male;1000681289793
Awash-bank-ethiopia;251928580517;en;1;3;Seth Torres;1447291656;89;male;1000875113331
Commercial-bank-ethiopia;251419223733;en;1;3;Todd Mooney;9100475340;78;male;1000968876985
Awash-bank-ethiopia;251651082625;en;1;3;Eric Gregory;8299240118;87;male;1000418072416
Awash-bank-ethiopia;251430134747;en;1;3;Brian Russell;4364595239;89;male;1000222919730
Awash-bank-ethiopia;251958221700;en;1;3;Rebekah Allen;6794614970;73;female;1000245766118
Awash-bank-ethiopia;251583219773;en;1;3;Ralph Schneider;6267864269;70;male;1000744611440
Awash-bank-ethiopia;251739587299;en;1;3;Brittany Cunningham;2039542691;84;female;1000111782157
Commercial-bank-ethiopia;251163079373;en;1;3;Rebecca Jacobson;1889041972;70;female;1000516075950
Commercial-bank-ethiopia;251405553260;en;1;3;Matthew Foley;9957762464;90;male;1000439234292
Awash-bank-ethiopia;251444040148;en;1;3;Daniel Russell;9212050792;73;male;1000651404936
Commercial-bank-ethiopia;251282518459;en;1;3;Kimberly Warren;9590034584;77;female;1000457265520
Awash-bank-ethiopia;251946648361;en;1;3;Andrew Wright;3228728290;85;male;1000977882612
Awash-bank-ethiopia;251497806425;en;1;3;Erin Williams;3808957746;80;female;1000704418679
Commercial-bank-ethiopia;251269197289;en;1;3;Jordan Long;2354671979;87;male;1000700927397
Awash-bank-ethiopia;251353673168;en;1;3;Robin Curtis;3417186279;88;female;1000406787168
Awash-bank-ethiopia;251563868019;en;1;3;Jeffrey Pham;2722692029;76;male;1000767549793
Commercial-bank-ethiopia;251674990471;en;1;3;Duane Harris;2320694554;67;male;1000292046488
Commercial-bank-ethiopia;251277373478;en;1;3;Connie Garcia;6450737238;80;female;1000428073517
Commercial-bank-ethiopia;251832420292;en;1;3;Ann Wilson;7027314982;77;female;1000285139196
Commercial-bank-ethiopia;251603574801;en;1;3;Rachel Dominguez;6875310210;84;female;1000222776973
Commercial-bank-ethiopia;251231854175;en;1;3;Jennifer Fernandez;7426944373;66;female;1000121863598
Commercial-bank-ethiopia;251547807563;en;1;3;Christian Frank;5787014917;67;male;1000938408870
Awash-bank-ethiopia;251561645665;en;1;3;William Garcia;4400853021;41;male;1000321206271
Awash-bank-ethiopia;251737057065;en;1;3;Craig Jones;8252362804;72;male;1000865692068
Awash-bank-ethiopia;251481024901;en;1;3;Kathryn Benson;6008246020;71;female;1000899164279
Awash-bank-ethiopia;251141295035;en;1;3;Courtney Stevens;9634048820;66;female;1000619933617
Awash-bank-ethiopia;251382847039;en;1;3;Carl Hall;2825036071;84;male;1000179820064
Awash-bank-ethiopia;251506882230;en;1;3;Paul Hughes;9603762504;66;male;1000739071023
Commercial-bank-ethiopia;251855283108;en;1;3;Jason Sims;5882489006;76;male;1000396809914
Commercial-bank-ethiopia;251376948290;en;1;3;Ross Atkins;2642108536;66;male;1000155235244
Commercial-bank-ethiopia;251482573495;en;1;3;John Myers;1825790503;79;male;1000332135995
Awash-bank-ethiopia;251649073472;en;1;3;Mark Richards;8210579608;85;male;1000293040927
Awash-bank-ethiopia;251194395203;en;1;3;Sabrina Graves;3837321540;66;female;1000546765391
Commercial-bank-ethiopia;251821120771;en;1;3;Mary Burns;1844896295;68;female;1000221820641
Commercial-bank-ethiopia;251960143906;en;1;3;Emily Meyer;6430617410;73;female;1000261839196
Awash-bank-ethiopia;251914670088;en;1;3;Gina David;5954640915;74;female;1000147687142
Commercial-bank-ethiopia;251181276808;en;1;3;Olivia Brown;9988506937;82;female;1000125047456
Commercial-bank-ethiopia;251845851778;en;1;3;Mary Leach;9666701903;87;female;1000940258077
Commercial-bank-ethiopia;251949370741;en;1;3;Andrea Pena MD;9120153276;77;female;1000407884598
Awash-bank-ethiopia;251707919796;en;1;3;Cory Davis;4711227254;74;male;1000755753265
Awash-bank-ethiopia;251342426847;en;1;3;Dennis Park;3502858220;90;male;1000768958887
Awash-bank-ethiopia;251382082615;en;1;3;Beth Washington;2495429320;72;female;1000440736499
Awash-bank-ethiopia;251306437019;en;1;3;John Moyer;5174499093;84;male;1000884955461
Awash-bank-ethiopia;251274510359;en;1;3;Keith Jackson;9105661583;70;male;1000708331469
Commercial-bank-ethiopia;251824799680;en;1;3;Jose Mcdowell;2203640040;84;male;1000136621991
Awash-bank-ethiopia;251458849703;en;1;3;Ashley Weber;6066317486;86;female;1000932074312
Awash-bank-ethiopia;251601257404;en;1;3;Carolyn Barnes;9539771853;71;female;1000668514026
Commercial-bank-ethiopia;251863131437;en;1;3;Denise Casey;7449420984;70;female;1000850385062
Awash-bank-ethiopia;251205160298;en;1;3;Shirley Parker;2964783232;89;female;1000874265089
Awash-bank-ethiopia;251958691967;en;1;3;Kristin Norris;3780548799;71;female;1000806414950
Commercial-bank-ethiopia;251628839611;en;1;3;Christopher Hogan;8321460863;82;male;1000584719531
Awash-bank-ethiopia;251860180955;en;1;3;Tiffany Goodwin;6256225660;74;female;1000806584072
Commercial-bank-ethiopia;251507356149;en;1;3;Mary Taylor;8673729352;68;female;1000404644296
Awash-bank-ethiopia;251525568204;en;1;3;Alexandria Lane;3335629838;74;female;1000803877155
Awash-bank-ethiopia;251364650009;en;1;3;Kimberly Smith;3681989872;72;female;1000171410335
Commercial-bank-ethiopia;251911821598;en;1;3;Timothy Perry;5672450972;90;male;1000853454198
Awash-bank-ethiopia;251188081348;en;1;3;Christine Dickson;9390234991;80;female;1000681640284
Awash-bank-ethiopia;251644861614;en;1;3;Jason Sanchez;3910446806;66;male;1000552824980
Commercial-bank-ethiopia;251831608317;en;1;3;Russell Diaz;5829469690;86;male;1000375779084
Awash-bank-ethiopia;251666804793;en;1;3;Mark King;9425528733;89;male;1000461207622
Commercial-bank-ethiopia;251870895112;en;1;3;Heidi Robinson;3354410700;71;female;1000945127903
Awash-bank-ethiopia;251422675769;en;1;3;Anthony Ramos;6019046200;89;male;1000517704895
Commercial-bank-ethiopia;251174376351;en;1;3;Jacob Hopkins;5507967561;71;male;1000170804036
Awash-bank-ethiopia;251562929824;en;1;3;Jennifer Bush;5374885435;74;female;1000723239715
Awash-bank-ethiopia;251954405772;en;1;3;Casey Mendoza;1032968743;68;female;1000621737562
