projectFspConfigurationName;phoneNumber;preferredLanguage;maxPayments;scope;age;gender;fullName;village;howManyOver65;howManyChronic;howManyDisabilities;howManyPregnantLactating;howManyUnder5;howManyWidows;sum;totalHHSize;nationalId
Excel;254826725646;en;2;kisumu.kisumu-central;67;male;Mark Johnson;Milimani;0;0;0;0;0;1;1;3;46913810
Excel;254258970512;en;2;kisumu;78;male;David Taylor;Obunga;1;1;0;0;0;0;2;4;23756669
Excel;254468160270;en;2;kisumu.kisumu-east;57;female;Megan Mcclain;Kajulu;0;0;1;0;0;1;2;5;21668732
Excel;254993197679;en;2;kisumu.kisumu-east;63;male;Kevin Johnson;Kajulu;1;0;0;1;0;0;2;5;22575562
Excel;254323733451;en;2;turkana;71;male;Daniel Wagner;Kakuma;0;1;0;1;1;0;3;5;13561597
Excel;254893266860;en;2;kisumu;61;male;Justin Baldwin;Obunga;0;0;1;0;0;0;1;4;83140807
Excel;254229856600;en;2;kisumu.kisumu-west;57;female;Jennifer Cole;Kisian;0;0;0;0;0;0;0;2;47338124
Excel;254988735062;en;2;turkana;63;male;Robert Smith;Lokichar;0;0;1;1;0;0;2;5;31429110
Excel;254289031057;en;2;kisumu.kisumu-west;58;female;Melissa Peterson;Kisian;0;0;1;0;0;0;1;3;30868105
Excel;254329428230;en;2;kisumu;60;female;Cindy Gallagher;Nyalenda;1;1;1;0;0;0;3;5;23718431
Excel;254885302207;en;2;kisumu.kisumu-west;49;female;Anna Davis;Otonglo;1;0;1;0;1;0;3;6;56164955
Excel;254199593063;en;2;kisumu.kisumu-west;53;female;Lindsey Roman;Kisian;1;1;0;1;0;1;4;6;71662963
Excel;254902173407;en;2;kisumu.kisumu-east;59;male;Joshua Dudley;Kondele;0;0;0;0;1;0;1;3;60806024
Excel;254227299962;en;2;turkana.turkana-north;76;male;Blake Carter;Nakwamekwi;0;1;0;0;0;0;1;2;94374605
Excel;254318325456;en;2;turkana.turkana-north;32;female;Lisa Hensley;Nakwamekwi;0;0;0;0;0;0;0;2;87490893
Excel;254322317193;en;2;turkana.turkana-north;61;female;Cheryl Jones;Nakwamekwi;1;0;0;0;0;0;1;3;98753260
Excel;254924308645;en;2;turkana.turkana-north;45;male;Darren Roberts;Nariemet;0;0;0;0;0;0;0;2;20709497
Excel;254598446845;en;2;turkana;20;male;Scott Delacruz;Lokichar;1;0;0;0;1;0;2;5;61019678
Excel;254141568044;en;2;kisumu;83;female;Diana Reid;Obunga;1;1;0;0;0;0;2;5;58966946
Excel;254517428613;en;2;kisumu.kisumu-central;84;female;Carla Kelly;Nyamasaria;1;1;0;0;1;1;4;7;99949389
Excel;254915973881;en;2;turkana;28;female;Debra Zuniga;Kakuma;1;0;0;0;1;0;2;3;96977837
Excel;254740742155;en;2;kisumu.kisumu-central;67;female;Andrea Reid;Nyamasaria;0;1;0;0;1;0;2;5;81691040
Excel;254598136700;en;2;kisumu.kisumu-west;72;female;Monica Martin;Kisian;0;0;0;1;1;0;2;5;60929647
Excel;254805066345;en;2;kisumu.kisumu-west;47;male;Devin Schaefer;Kisian;1;0;0;1;0;0;2;3;84752529
Excel;254954165729;en;2;kisumu.kisumu-central;50;female;Colleen Nguyen;Nyamasaria;1;1;1;1;0;0;4;7;17507864
Excel;254916805726;en;2;kisumu.kisumu-east;58;female;Crystal Johnson;Kajulu;0;0;0;1;1;0;2;3;52339391
Excel;254710028163;en;2;turkana.turkana-north;89;male;James Jones;Nakwamekwi;0;0;0;0;0;0;0;3;86125617
Excel;254596931387;en;2;turkana;60;female;Sherri Edwards;Lokichar;1;0;1;0;0;0;2;5;97971488
Excel;254634464058;en;2;kisumu;47;female;Kathryn Wilkerson;Nyalenda;0;0;0;0;1;1;2;5;96282117
Excel;254206004537;en;2;turkana.turkana-north;69;female;Judy Baker;Nakwamekwi;0;0;1;0;0;0;1;4;43101783
Excel;254613711294;en;2;kisumu.kisumu-east;58;male;Patrick Ryan;Kondele;0;1;0;0;0;1;2;3;88461803
Excel;254800817657;en;2;turkana.turkana-north;68;female;Jessica Silva;Nariemet;0;0;0;1;0;1;2;3;58586340
Excel;254622904639;en;2;kisumu;36;female;Colleen Bright;Manyatta;0;0;0;0;0;0;0;2;78387461
Excel;254996488413;en;2;turkana;55;male;Johnny Campos;Lokichar;1;1;0;1;0;1;4;6;24716857
Excel;254352763887;en;2;turkana.turkana-north;58;female;Brittany Moore;Nakwamekwi;0;0;0;1;1;0;2;4;66661351
Excel;254764732289;en;2;turkana;32;female;Linda Cruz;Lodwar;0;0;0;0;0;1;1;2;89978790
Excel;254453462814;en;2;turkana.turkana-north;71;male;Zachary Rice;Nakwamekwi;0;1;0;1;1;1;4;5;84252722
Excel;254280443763;en;2;turkana.turkana-north;66;female;Shannon Smith;Nariemet;0;0;0;0;1;1;2;3;25374874
Excel;254704954833;en;2;turkana.turkana-north;61;female;Melanie Herrera;Nariemet;0;1;0;1;0;0;2;3;45812670
Excel;254452157564;en;2;kisumu.kisumu-west;54;female;Patricia Peterson;Otonglo;0;0;0;1;1;0;2;4;49392920
Excel;254352136590;en;2;kisumu;72;female;Jessica Chavez;Obunga;0;0;0;1;0;1;2;4;45351479
Excel;254391605935;en;2;kisumu;41;male;Wesley Gill;Nyalenda;0;1;1;0;0;0;2;4;78139880
Excel;254503961340;en;2;kisumu.kisumu-central;72;male;Thomas Harrell;Milimani;0;1;0;0;1;0;2;4;50056581
Excel;254343523573;en;2;kisumu.kisumu-central;63;female;Sarah Romero;Milimani;0;0;0;0;0;1;1;4;36697396
Excel;254838443375;en;2;turkana;37;male;Christian Farmer;Lodwar;0;0;0;0;0;0;0;3;82394227
Excel;254887502377;en;2;kisumu.kisumu-west;44;male;Troy Nielsen;Otonglo;1;0;0;1;0;0;2;4;10076758
Excel;254291027210;en;2;turkana;68;female;Linda Burns;Kakuma;0;0;1;1;0;0;2;3;25014631
Excel;254225776538;en;2;turkana.turkana-north;80;female;Tanya Koch;Nakwamekwi;1;0;0;0;0;0;1;3;51273847
Excel;254775891413;en;2;kisumu;25;female;Cynthia Allen;Manyatta;0;0;1;1;0;0;2;4;86149359
Excel;254185728105;en;2;turkana;35;male;Travis Miller;Lokichar;1;1;0;0;1;0;3;6;75228535
Excel;254912774503;en;2;kisumu;84;female;Rose Spence;Manyatta;1;1;0;0;0;1;3;6;81498611
Excel;254867755466;en;2;kisumu.kisumu-central;54;female;Pamela Anderson;Nyamasaria;0;1;1;1;0;0;3;6;73791320
Excel;254318178277;en;2;turkana;22;male;Travis Martin;Lokichar;0;1;1;0;0;0;2;5;80823176
Excel;254852959143;en;2;kisumu;85;male;Shane Henderson;Obunga;0;1;0;0;0;0;1;3;38427073
Excel;254910049709;en;2;turkana.turkana-north;89;female;Tanya Campos;Nariemet;0;0;1;0;0;1;2;5;36998038
Excel;254400058333;en;2;kisumu.kisumu-east;33;male;Micheal Ross;Kajulu;0;1;1;1;0;0;3;4;97225156
Excel;254421372280;en;2;turkana;32;male;James Lam;Lokichar;0;0;1;0;0;0;1;2;70597444
Excel;254384851555;en;2;kisumu.kisumu-west;44;female;Barbara Walker;Otonglo;0;0;0;1;0;0;1;4;55377076
Excel;254487767604;en;2;kisumu.kisumu-central;40;female;Alisha Spencer;Milimani;0;0;1;0;0;0;1;3;88979095
Excel;254934761878;en;2;turkana;24;male;Daniel Jones;Lokichar;0;1;0;0;0;0;1;2;94705205
Excel;254264002886;en;2;kisumu.kisumu-west;46;male;Anthony Jones;Otonglo;0;0;1;0;1;1;3;4;14216175
Excel;254195492073;en;2;kisumu.kisumu-central;31;male;Scott Jones;Milimani;0;0;0;0;1;0;1;4;41944441
Excel;254600194456;en;2;kisumu.kisumu-west;58;female;Diana Washington;Otonglo;0;0;1;0;0;1;2;4;82374753
Excel;254682979813;en;2;kisumu;33;female;Brandi Walls;Nyalenda;0;1;0;1;0;0;2;5;86644106
Excel;254265207269;en;2;turkana;46;male;Kenneth Sanchez;Lodwar;0;1;0;0;1;1;3;6;73481353
Excel;254906054665;en;2;turkana.turkana-north;77;female;Rhonda Lee;Nakwamekwi;1;1;0;0;1;0;3;4;23009833
Excel;254367991618;en;2;kisumu.kisumu-central;48;female;Mary Gomez;Milimani;0;1;0;0;1;0;2;3;65177213
Excel;254200602804;en;2;kisumu.kisumu-central;63;male;John Daniel;Milimani;0;0;0;0;1;0;1;2;97705310
Excel;254943596213;en;2;kisumu.kisumu-west;19;male;William Garcia;Otonglo;0;0;0;1;0;0;1;3;64038913
Excel;254510125990;en;2;turkana.turkana-north;41;female;Monica Mcbride;Nakwamekwi;0;0;1;0;0;0;1;2;24665841
Excel;254144029525;en;2;turkana;89;male;David Lee;Lokichar;1;0;1;1;0;0;3;6;70211891
Excel;254665394530;en;2;turkana;70;male;Charles White;Kakuma;0;1;0;1;0;0;2;5;72092888
Excel;254626897589;en;2;turkana;86;female;Danielle Leblanc;Kakuma;0;0;1;0;1;0;2;4;69476001
Excel;254162221177;en;2;kisumu.kisumu-east;32;female;Rhonda Chase;Kajulu;0;1;0;0;0;0;1;3;23141087
Excel;254551420630;en;2;turkana;51;female;Amber Kidd;Lodwar;0;1;0;0;0;0;1;2;11980765
Excel;254578909192;en;2;turkana.turkana-north;38;female;Tracy House;Nakwamekwi;0;0;0;0;0;0;0;3;41726318
Excel;254862243232;en;2;kisumu.kisumu-west;30;female;Carol Tucker;Otonglo;0;0;1;0;0;0;1;2;38688676
Excel;254539585383;en;2;kisumu.kisumu-east;66;female;Sharon Barrera;Kajulu;0;0;0;1;1;0;2;3;32097220
Excel;254734035007;en;2;kisumu.kisumu-east;65;male;James Galloway;Kondele;0;0;1;1;0;0;2;5;45594951
Excel;254250384487;en;2;kisumu.kisumu-west;41;female;Tammy Glover;Otonglo;0;0;0;0;0;0;0;2;48285503
Excel;254397679320;en;2;kisumu.kisumu-central;33;male;Jay Bernard;Milimani;0;0;1;0;0;0;1;3;84593961
Excel;254978143762;en;2;kisumu.kisumu-east;46;male;Matthew Tucker;Kajulu;0;0;1;0;1;1;3;6;35487660
Excel;254425148763;en;2;kisumu.kisumu-central;32;male;Edward Novak;Nyamasaria;0;0;1;0;0;0;1;4;87736262
Excel;254958337531;en;2;turkana.turkana-north;48;male;Noah Brown;Nakwamekwi;1;1;0;0;1;0;3;6;52091325
Excel;254160054870;en;2;kisumu.kisumu-east;51;female;Amy Silva;Kajulu;1;1;0;0;0;0;2;3;77491435
Excel;254611073144;en;2;kisumu;76;male;Thomas Schmidt;Manyatta;1;0;0;0;0;1;2;5;17634247
Excel;254206464862;en;2;turkana;53;female;Tonya Miller;Kakuma;0;0;0;0;1;0;1;4;34941004
Excel;254785638287;en;2;turkana;73;male;Barry Jones;Kakuma;0;0;0;0;1;1;2;3;41568532
Excel;254150989817;en;2;kisumu.kisumu-west;65;female;Jennifer David;Otonglo;0;0;1;0;0;0;1;4;86460539
Excel;254900979157;en;2;kisumu.kisumu-west;90;male;David Wheeler;Kisian;1;0;1;1;0;0;3;4;93131979
Excel;254994857068;en;2;turkana;56;male;Bradley Sandoval;Kakuma;1;1;0;1;1;0;4;5;85863473
Excel;254276293322;en;2;kisumu.kisumu-east;76;male;Joseph Donovan;Kondele;0;0;0;1;1;1;3;6;37415205
Excel;254766580387;en;2;kisumu;21;male;Michael Edwards;Nyalenda;1;0;1;0;1;1;4;6;45650176
Excel;254402375026;en;2;kisumu.kisumu-east;43;male;James Powers;Kajulu;0;0;0;0;0;0;0;2;50264926
Excel;254167986485;en;2;turkana.turkana-north;46;female;Joyce Hickman;Nakwamekwi;1;0;0;0;0;0;1;4;19736572
Excel;254393988313;en;2;turkana;39;male;Adam Howell;Lokichar;0;0;0;1;0;0;1;4;85563727
Excel;254486648395;en;2;kisumu.kisumu-west;57;female;Whitney Jones;Kisian;0;0;0;0;0;0;0;2;38609087
Excel;254438268182;en;2;kisumu.kisumu-west;29;female;Katie Anderson;Kisian;0;0;0;1;0;0;1;4;56843172
Excel;254428114327;en;2;turkana;22;female;Shirley Suarez;Lodwar;1;0;0;0;1;0;2;3;59597086
Excel;254174533247;en;2;kisumu.kisumu-east;71;female;Dominique Kim;Kondele;0;0;1;0;1;0;2;4;82909480
Excel;254909062038;en;2;kisumu.kisumu-east;42;male;Michael Carr;Kajulu;0;1;0;0;0;1;2;5;97775215
Excel;254856821748;en;2;kisumu.kisumu-west;61;female;Kendra Contreras;Otonglo;0;0;0;0;0;0;0;2;84437458
Excel;254618506342;en;2;kisumu.kisumu-east;18;female;Elizabeth Alvarado;Kajulu;1;1;0;0;0;0;2;4;28024248
Excel;254530695838;en;2;kisumu.kisumu-central;74;male;Dennis Preston;Nyamasaria;0;1;0;0;1;0;2;5;84252420
Excel;254147600814;en;2;kisumu.kisumu-west;55;male;Christopher Campbell;Otonglo;1;1;0;0;1;1;4;7;38270233
Excel;254194754764;en;2;kisumu.kisumu-central;90;female;Michelle Harris;Nyamasaria;0;1;0;0;1;0;2;3;95125977
Excel;254640603066;en;2;turkana;66;male;Samuel Wagner;Kakuma;0;0;1;0;0;0;1;4;43704923
Excel;254888486190;en;2;kisumu.kisumu-central;83;female;Susan Mathis;Milimani;0;1;0;0;1;0;2;4;22388090
Excel;254945043855;en;2;turkana;78;male;Mark Calderon;Kakuma;0;0;0;1;0;0;1;4;15917225
Excel;254372333269;en;2;kisumu.kisumu-west;30;male;Aaron Wise;Kisian;0;1;0;0;0;0;1;3;95511909
Excel;254730799293;en;2;kisumu;85;male;William Martin;Obunga;0;0;1;0;0;1;2;5;69302158
Excel;254614331800;en;2;turkana.turkana-north;81;female;Kristen Patterson;Nakwamekwi;0;0;1;0;0;0;1;3;11297845
Excel;254562097791;en;2;kisumu;59;female;Ashley Landry;Obunga;1;0;0;0;1;0;2;4;30005727
Excel;254150442834;en;2;turkana.turkana-north;30;male;Joshua Davenport;Nariemet;0;0;0;0;1;0;1;3;88183110
Excel;254278449020;en;2;kisumu.kisumu-west;88;female;Kristen Jordan;Otonglo;0;0;0;0;1;0;1;3;15614174
Excel;254702299568;en;2;turkana.turkana-north;63;female;Elizabeth Nolan;Nariemet;1;0;0;1;1;0;3;6;15354599
Excel;254565599690;en;2;turkana.turkana-north;84;male;Steven Clark;Nariemet;0;0;0;1;0;0;1;3;43491314
Excel;254779932311;en;2;kisumu.kisumu-east;42;female;Mary Gomez;Kajulu;1;0;1;0;0;1;3;6;85146293
Excel;254629964938;en;2;turkana.turkana-north;66;male;Stephen Russell;Nakwamekwi;0;1;0;0;1;0;2;3;93303777
Excel;254726103485;en;2;turkana;64;male;Paul Frost;Lodwar;0;0;0;0;0;1;1;2;41774346
Excel;254793768668;en;2;kisumu;65;male;Sean Cherry;Obunga;0;0;0;0;0;0;0;2;33763566
Excel;254588444771;en;2;turkana;48;male;Stanley Johnson;Lokichar;0;0;0;0;1;1;2;5;54585178
Excel;254866841505;en;2;kisumu.kisumu-central;33;female;Rachel Jenkins;Milimani;0;0;1;0;0;1;2;3;99913412
Excel;254657364238;en;2;kisumu;63;male;Sean Cochran;Nyalenda;0;0;0;0;0;1;1;4;45810056
Excel;254416721225;en;2;turkana.turkana-north;77;female;Caitlin Haynes;Nakwamekwi;0;1;0;0;0;0;1;4;61343880
Excel;254126152485;en;2;kisumu.kisumu-west;87;male;Shane Garrison;Otonglo;1;1;0;0;0;0;2;4;39854548
Excel;254207027100;en;2;kisumu.kisumu-central;40;female;Christina Sellers;Nyamasaria;0;1;1;0;1;0;3;4;56930359
Excel;254287233487;en;2;turkana.turkana-north;48;male;Eric Pope;Nakwamekwi;0;0;0;0;0;1;1;3;40547349
Excel;254621160480;en;2;kisumu.kisumu-west;46;male;Daniel Keller;Kisian;0;1;0;0;0;1;2;5;63481198
Excel;254785913764;en;2;turkana.turkana-north;31;female;Erin Lin;Nariemet;0;0;0;0;0;1;1;3;47463522
Excel;254172646467;en;2;kisumu;68;female;Heather Hicks;Obunga;0;0;1;1;0;0;2;4;81969657
Excel;254690564855;en;2;turkana.turkana-north;83;male;Gary Johnson;Nakwamekwi;0;0;0;0;0;0;0;3;45059710
Excel;254380770728;en;2;kisumu.kisumu-east;81;female;Cassandra Estes;Kondele;1;0;1;0;1;1;4;7;45630292
Excel;254996340177;en;2;kisumu;80;female;Amanda Carlson;Manyatta;1;0;0;1;0;0;2;3;56397338
Excel;254940634148;en;2;kisumu.kisumu-west;27;male;Nicholas Edwards;Otonglo;0;1;0;0;0;0;1;3;91363974
Excel;254801013692;en;2;kisumu.kisumu-east;57;male;William Wilson;Kajulu;1;0;0;0;0;1;2;3;87388337
Excel;254282835929;en;2;kisumu.kisumu-west;85;male;Connor Williams;Kisian;0;1;0;1;1;1;4;6;68526649
Excel;254434704578;en;2;kisumu.kisumu-central;64;female;April Frost;Milimani;1;0;0;0;0;0;1;2;82269803
Excel;254265036389;en;2;kisumu.kisumu-central;70;male;Michael Bentley;Nyamasaria;0;1;0;0;0;1;2;3;36445607
Excel;254745134848;en;2;kisumu;70;female;Helen Jones;Obunga;0;1;1;0;1;0;3;6;99152472
Excel;254396963987;en;2;kisumu.kisumu-east;90;female;Tammie Hanson;Kajulu;0;1;0;1;0;0;2;3;99038359
Excel;254325718483;en;2;kisumu.kisumu-central;63;female;Sarah Cortez;Milimani;0;0;0;0;1;0;1;2;50308572
Excel;254965984689;en;2;kisumu;75;female;Katie Estrada;Nyalenda;0;0;0;1;0;0;1;4;53779528
Excel;254421682525;en;2;turkana;34;male;James Phillips;Lokichar;0;1;0;1;0;0;2;5;27084279
Excel;254888590266;en;2;kisumu;21;male;Corey Ortega;Obunga;0;0;0;0;0;1;1;3;60888017
Excel;254292000031;en;2;turkana.turkana-north;51;male;Michael Orr;Nakwamekwi;1;1;1;0;0;0;3;6;92613013
Excel;254802087253;en;2;turkana;22;male;Keith Sullivan;Lodwar;1;1;0;0;1;0;3;5;10054484
Excel;254889308066;en;2;turkana;24;female;Elizabeth Clark;Lokichar;0;1;0;1;1;0;3;4;87844239
Excel;254490535766;en;2;kisumu;22;female;Lisa Morris;Nyalenda;0;1;0;0;0;0;1;2;69295515
Excel;254726929939;en;2;kisumu.kisumu-west;24;male;Jeremy Lewis;Kisian;0;0;0;1;0;0;1;3;73509974
Excel;254789277840;en;2;kisumu.kisumu-central;45;female;Rebecca Moyer;Milimani;0;1;0;0;1;1;3;5;32775593
Excel;254613546331;en;2;kisumu;55;male;Matthew Campbell;Manyatta;0;1;1;0;0;1;3;5;99100953
Excel;254213892211;en;2;kisumu.kisumu-central;90;female;Mackenzie Rogers;Nyamasaria;0;1;0;1;0;0;2;3;41523529
Excel;254527177173;en;2;kisumu.kisumu-east;75;male;Michael Walker;Kajulu;0;0;0;0;0;0;0;2;36726767
Excel;254384555396;en;2;kisumu;36;female;Brittany Williams;Manyatta;0;1;0;0;0;1;2;4;73771720
Excel;254272251278;en;2;kisumu.kisumu-central;69;female;Lisa Mack;Nyamasaria;0;0;0;1;0;1;2;5;71124923
Excel;254681831261;en;2;turkana.turkana-north;48;male;Jason Soto;Nakwamekwi;1;0;0;0;1;0;2;3;36096655
Excel;254926537853;en;2;kisumu.kisumu-central;78;female;Michelle Cruz;Nyamasaria;0;0;1;0;0;0;1;3;63640499
Excel;254619137428;en;2;kisumu;19;female;Dana Douglas;Obunga;1;1;1;0;1;0;4;6;10744212
Excel;254245046056;en;2;kisumu.kisumu-west;63;female;Stephanie Dalton;Otonglo;0;1;0;0;0;0;1;4;24305904
Excel;254572110688;en;2;turkana.turkana-north;67;female;Paula Robinson;Nariemet;0;0;0;0;0;0;0;2;79519112
Excel;254578187826;en;2;kisumu;68;female;Julie Grant;Manyatta;1;1;0;1;0;0;3;6;26288475
Excel;254838194377;en;2;kisumu;32;female;Joyce Solis;Obunga;1;0;1;1;0;1;4;5;99600766
Excel;254141898856;en;2;kisumu.kisumu-central;32;male;Joseph Hansen;Nyamasaria;0;0;0;0;0;0;0;2;52587010
Excel;254554988665;en;2;kisumu.kisumu-west;88;male;Travis Vance;Kisian;0;0;0;1;0;0;1;4;92228802
Excel;254366178964;en;2;turkana.turkana-north;48;male;Robert Mcclain;Nariemet;0;0;0;0;0;1;1;3;67276174
Excel;254228101978;en;2;turkana;48;male;Ronald Kelley;Kakuma;0;0;1;0;0;1;2;4;31361812
Excel;254831360874;en;2;kisumu.kisumu-east;75;male;Patrick Wells;Kajulu;0;1;0;0;1;0;2;3;44788100
Excel;254454496693;en;2;kisumu;90;female;Nicole Larsen;Obunga;1;1;1;0;0;1;4;5;47220099
Excel;254983097484;en;2;kisumu.kisumu-east;82;male;Ralph Boyd;Kajulu;1;0;0;1;0;1;3;5;94120751
Excel;254649569186;en;2;kisumu.kisumu-west;26;male;David Gonzales;Kisian;1;1;0;1;0;0;3;4;48349783
Excel;254662298673;en;2;turkana.turkana-north;58;male;David Rogers;Nakwamekwi;0;1;1;1;1;0;4;7;82498004
Excel;254679234206;en;2;kisumu.kisumu-west;64;female;Angela Hernandez;Kisian;0;0;0;0;0;1;1;3;61410126
Excel;254244669041;en;2;kisumu.kisumu-west;24;male;Michael Mccarthy;Kisian;1;1;1;0;1;0;4;5;18620650
Excel;254379866166;en;2;kisumu;46;female;Jennifer Rivera;Nyalenda;0;0;0;0;0;1;1;3;72535301
Excel;254309837479;en;2;turkana;31;male;Jason Clark;Kakuma;0;1;0;1;1;0;3;6;66390708
Excel;254838778676;en;2;kisumu.kisumu-west;54;female;Jean Carrillo;Otonglo;0;1;0;0;0;1;2;5;12621534
Excel;254512720517;en;2;kisumu;52;male;Scott Cannon;Manyatta;1;0;1;0;0;0;2;5;61053877
Excel;254301148900;en;2;kisumu;86;female;Karen Bender;Manyatta;0;1;1;0;0;0;2;4;50079111
Excel;254737674963;en;2;kisumu.kisumu-west;72;female;Nicole Castaneda;Kisian;1;1;0;0;0;0;2;3;66240084
Excel;254956722854;en;2;kisumu;79;female;Kimberly Navarro;Nyalenda;0;0;1;0;0;0;1;4;90967191
Excel;254180600996;en;2;kisumu;50;male;Steven Freeman;Manyatta;1;0;0;0;1;0;2;3;46632757
Excel;254197597348;en;2;kisumu.kisumu-west;73;female;Jessica Johnson;Otonglo;1;0;1;0;0;1;3;4;55114543
Excel;254200782632;en;2;kisumu.kisumu-west;28;male;Michael Yates;Otonglo;1;1;0;0;1;0;3;6;32151928
Excel;254254160954;en;2;kisumu.kisumu-east;62;male;Ryan Calhoun;Kondele;0;0;1;0;0;0;1;4;93517915
Excel;254427478537;en;2;kisumu.kisumu-central;63;male;Joseph Meadows;Milimani;0;1;0;0;0;1;2;5;89442503
Excel;254662545808;en;2;kisumu;87;female;Kristy Johnson;Nyalenda;1;0;0;1;0;0;2;3;96268397
Excel;254822009630;en;2;turkana.turkana-north;82;female;Jessica Camacho;Nariemet;0;0;1;0;0;0;1;4;34391257
Excel;254967052835;en;2;kisumu.kisumu-east;75;male;Anthony Gray;Kondele;1;1;1;0;0;0;3;4;38408562
Excel;254224992974;en;2;turkana;47;male;Jesse Rogers;Kakuma;1;0;0;0;1;0;2;4;60885459
Excel;254626306857;en;2;kisumu.kisumu-west;66;male;Donald Bean;Kisian;1;1;1;1;0;1;5;6;66581473
Excel;254116944012;en;2;kisumu.kisumu-central;60;female;Darlene Miller;Nyamasaria;0;1;1;0;1;1;4;6;12601580
Excel;254199061510;en;2;kisumu.kisumu-central;44;female;Nicole Williams;Nyamasaria;1;1;1;1;0;1;5;6;56970882
Excel;254812152561;en;2;kisumu.kisumu-central;62;female;Courtney Jones;Milimani;0;0;0;0;0;0;0;2;97477029
Excel;254824296924;en;2;kisumu.kisumu-east;85;female;Amanda Johnson;Kondele;1;0;0;0;0;1;2;4;43189803
Excel;254888129494;en;2;kisumu;58;male;Curtis Smith;Nyalenda;0;0;0;0;0;0;0;3;30452412
Excel;254236909788;en;2;kisumu.kisumu-east;77;male;David Wells;Kajulu;0;1;1;1;0;0;3;4;25353091
Excel;254127155379;en;2;kisumu.kisumu-central;90;male;Justin Robinson;Nyamasaria;0;0;1;0;0;0;1;3;44392446
Excel;254589977605;en;2;turkana;44;female;Pamela Jackson;Kakuma;0;0;1;0;0;0;1;3;91503378
Excel;254986340687;en;2;kisumu;81;female;Tracey Higgins;Nyalenda;0;0;1;1;0;0;2;4;31980274
Excel;254966609824;en;2;kisumu.kisumu-west;28;male;Vincent Rodriguez;Otonglo;0;1;1;1;1;0;4;7;13446499
Excel;254232021236;en;2;turkana;28;female;Tanya Johnston;Kakuma;0;0;0;0;1;1;2;3;60372847
Excel;254703521293;en;2;kisumu;86;male;James Espinoza;Obunga;0;0;0;1;0;0;1;3;20200074
Excel;254382825323;en;2;kisumu;36;male;Kevin Rivas;Manyatta;0;0;0;0;0;0;0;3;42594692
Excel;254757686585;en;2;kisumu.kisumu-east;62;female;Ashley Barton;Kondele;0;0;0;0;0;1;1;2;90585882
Excel;254709791314;en;2;kisumu.kisumu-east;83;male;Robert Hogan;Kondele;0;0;0;0;1;0;1;3;85958181
Excel;254138959745;en;2;turkana.turkana-north;36;female;Rachel Reed;Nakwamekwi;0;1;1;0;0;0;2;5;67495923
Excel;254629075449;en;2;kisumu.kisumu-west;53;male;Matthew Jones;Kisian;1;0;0;0;0;0;1;4;96911784
Excel;254170900712;en;2;kisumu.kisumu-west;48;female;Gloria Atkinson;Otonglo;0;1;1;1;0;1;4;5;75793759
Excel;254412018597;en;2;kisumu.kisumu-central;40;female;Ashley Yu;Milimani;1;1;1;0;0;1;4;6;95306788
Excel;254587426679;en;2;kisumu.kisumu-central;47;male;Steven Stevens;Nyamasaria;1;1;0;0;0;1;3;5;30534124
Excel;254305389828;en;2;turkana;56;male;Jeffrey Gross;Kakuma;0;1;0;0;0;0;1;3;97302916
Excel;254377709277;en;2;kisumu.kisumu-east;27;male;Devin Morton;Kondele;0;0;0;1;0;0;1;4;82232344
Excel;254506771791;en;2;kisumu.kisumu-east;25;male;Raymond Marshall;Kajulu;0;0;0;1;0;0;1;4;89520597
Excel;254583310159;en;2;kisumu.kisumu-central;75;female;Debra Christian;Nyamasaria;1;0;0;0;1;0;2;5;21631697
Excel;254415692082;en;2;kisumu.kisumu-central;54;male;Douglas Hayes;Nyamasaria;1;1;1;0;0;0;3;5;72372114
Excel;254246479970;en;2;kisumu.kisumu-west;53;male;Kelly Barnett;Kisian;0;0;0;1;0;1;2;5;55150390
Excel;254970345147;en;2;kisumu.kisumu-east;57;female;Alyssa Rosales;Kajulu;0;1;0;0;1;0;2;5;34406132
Excel;254814197305;en;2;kisumu.kisumu-west;65;male;John Kelly;Kisian;1;0;1;0;0;1;3;6;44675473
Excel;254207886293;en;2;turkana;24;female;Gina Beard;Kakuma;1;1;0;1;0;0;3;6;47080140
Excel;254418112878;en;2;kisumu.kisumu-west;26;male;Justin Black;Kisian;0;0;1;0;0;0;1;4;35643159
Excel;254805536981;en;2;kisumu.kisumu-west;42;female;Angela Cortez;Kisian;1;0;0;0;0;0;1;2;75575808
Excel;254300535022;en;2;kisumu.kisumu-east;74;female;Kristen Allen;Kajulu;1;1;1;1;1;1;6;7;73900135
Excel;254761767844;en;2;kisumu.kisumu-west;53;male;Matthew Henry;Kisian;0;0;1;0;0;0;1;3;12314351
Excel;254988609940;en;2;turkana;76;male;Brandon Walker;Kakuma;0;0;1;0;0;1;2;3;42655866
Excel;254446805101;en;2;turkana.turkana-north;72;female;Elizabeth Perkins;Nariemet;1;1;0;0;0;1;3;4;73519947
Excel;254464745301;en;2;turkana.turkana-north;65;male;Juan Cooper;Nariemet;0;0;0;0;0;0;0;2;83871890
Excel;254583328643;en;2;turkana.turkana-north;87;female;Erin Warner;Nariemet;1;1;1;1;0;0;4;5;46361787
Excel;254210400107;en;2;kisumu;44;female;Elizabeth Hall;Manyatta;0;0;1;1;0;1;3;6;35848226
Excel;254614279763;en;2;kisumu.kisumu-central;56;female;Emily Newton;Nyamasaria;1;0;0;0;0;1;2;4;34850391
Excel;254838778721;en;2;kisumu.kisumu-west;68;female;Cheryl Rodgers;Kisian;1;1;0;0;0;1;3;4;47111151
Excel;254334764283;en;2;kisumu.kisumu-east;64;female;Misty Bray;Kondele;1;0;1;0;0;0;2;5;80415568
Excel;254634599388;en;2;kisumu;29;female;Linda Hooper;Nyalenda;0;0;0;0;1;0;1;3;36054020
Excel;254877874230;en;2;turkana.turkana-north;62;male;Edward Ward;Nakwamekwi;1;0;0;1;0;0;2;3;50569669
Excel;254878167094;en;2;kisumu.kisumu-central;18;male;Adrian Ferguson;Nyamasaria;1;0;1;1;0;1;4;5;46817443
Excel;254932374746;en;2;turkana.turkana-north;73;female;Amber Brown;Nakwamekwi;0;0;1;0;0;0;1;3;49209916
Excel;254129912096;en;2;kisumu.kisumu-east;47;male;Michael Martinez;Kajulu;0;0;0;1;0;0;1;3;75884623
Excel;254298576420;en;2;kisumu;45;female;Ashley Smith;Manyatta;0;0;1;1;0;0;2;4;48163378
Excel;254157240223;en;2;kisumu;81;male;John Alexander;Nyalenda;0;0;0;0;0;0;0;3;34744872
Excel;254866466535;en;2;kisumu.kisumu-west;29;male;Vincent King;Kisian;0;0;0;0;0;0;0;2;74119726
Excel;254164211711;en;2;turkana;88;male;Brian Jones;Lodwar;0;0;0;0;0;0;0;1;76001106
Excel;254949446873;en;2;kisumu;70;male;Benjamin Soto;Obunga;1;0;0;1;0;0;2;5;17195288
Excel;254259167719;en;2;turkana.turkana-north;56;male;Christian Shepherd;Nariemet;1;0;0;1;0;0;2;5;50780112
Excel;254323843961;en;2;kisumu.kisumu-central;53;male;Bradley Wright;Nyamasaria;0;0;0;0;0;0;0;2;84903294
Excel;254964341516;en;2;turkana;79;male;Phillip Obrien;Lodwar;0;0;0;0;1;0;1;4;93002706
Excel;254288403779;en;2;turkana;39;female;Courtney Mills;Lokichar;0;0;0;0;0;1;1;2;70467027
Excel;254284421044;en;2;turkana;87;female;Susan Evans;Lokichar;1;0;0;0;0;1;2;4;88990506
Excel;254933758847;en;2;turkana.turkana-north;48;female;Wanda Torres;Nakwamekwi;0;0;0;1;0;0;1;4;93352876
Excel;254125041412;en;2;turkana;19;male;Antonio Choi;Kakuma;0;0;1;0;0;1;2;5;23318904
Excel;254179772971;en;2;turkana;55;female;Theresa Clark;Lodwar;0;1;0;1;0;0;2;3;38323322
Excel;254713028308;en;2;turkana;27;female;Deborah Miller;Kakuma;0;0;0;1;0;1;2;3;42194159
Excel;254998090149;en;2;turkana;68;female;Carrie Jones;Lodwar;0;0;1;0;0;1;2;3;10359129
Excel;254563076706;en;2;kisumu;66;male;Jason Norris;Manyatta;0;0;0;1;0;1;2;5;73070585
Excel;254343162843;en;2;kisumu;39;female;Doris Hall;Obunga;1;0;0;1;0;1;3;4;47945817
Excel;254387242191;en;2;turkana.turkana-north;38;female;Michele Gibson;Nariemet;1;0;0;1;0;1;3;4;41329612
Excel;254278333287;en;2;turkana;44;male;Thomas French;Kakuma;1;1;1;0;0;0;3;5;93893865
Excel;254972572198;en;2;kisumu;67;female;Leah Lara;Manyatta;0;1;1;0;0;0;2;4;36550845
Excel;254513967014;en;2;kisumu.kisumu-east;39;male;Jeffery Stephens;Kajulu;0;0;1;0;1;0;2;4;96924061
Excel;254518328291;en;2;turkana.turkana-north;82;female;Brittany Baker;Nariemet;0;0;1;0;1;0;2;4;29090631
Excel;254832748743;en;2;kisumu;31;female;Andrea Martin;Nyalenda;0;0;0;0;0;0;0;2;51286958
Excel;254116825237;en;2;kisumu.kisumu-east;69;female;Linda Holloway;Kajulu;0;1;0;0;1;0;2;5;48736657
Excel;254573866979;en;2;kisumu;84;female;Jessica Harrison;Nyalenda;1;1;0;1;0;1;4;6;50814428
Excel;254695802075;en;2;kisumu.kisumu-central;54;male;Michael Bender;Milimani;0;0;0;0;0;0;0;2;77172238
Excel;254934856606;en;2;kisumu.kisumu-central;49;male;Joshua Kim;Milimani;0;0;0;1;0;0;1;4;90267122
Excel;254863372385;en;2;kisumu.kisumu-west;19;female;Amanda Reynolds;Kisian;0;0;0;0;0;0;0;3;53261270
Excel;254430419833;en;2;kisumu.kisumu-east;33;female;Lindsey Johnson;Kajulu;0;0;0;0;0;0;0;2;40725714
Excel;254170688637;en;2;turkana.turkana-north;73;male;Vernon Huff;Nakwamekwi;0;1;0;0;1;0;2;4;87201917
Excel;254344714825;en;2;turkana;30;female;Laurie Smith;Lodwar;0;0;1;1;0;1;3;4;46173157
Excel;254649026911;en;2;turkana.turkana-north;24;female;Laura Hines;Nakwamekwi;0;1;0;0;0;1;2;5;33513701
Excel;254492320904;en;2;turkana;37;male;John Pearson;Lodwar;1;1;0;1;0;1;4;5;47333543
Excel;254352943368;en;2;kisumu.kisumu-west;36;male;Christopher Richards;Kisian;0;1;1;0;1;1;4;6;95199362
Excel;254221453454;en;2;kisumu.kisumu-west;40;female;Robin Costa;Otonglo;0;0;0;0;0;0;0;2;73083727
Excel;254325785945;en;2;kisumu.kisumu-central;86;female;Hannah Cook;Nyamasaria;1;0;0;1;1;0;3;5;99943797
Excel;254792165715;en;2;kisumu.kisumu-central;77;female;Ashley Martin;Nyamasaria;0;1;0;0;1;0;2;3;65250068
Excel;254193549265;en;2;kisumu.kisumu-west;51;female;Melissa Roberts;Kisian;1;0;0;0;0;0;1;3;63747791
Excel;254145217980;en;2;kisumu.kisumu-central;48;male;Robert Pierce;Milimani;1;0;0;1;0;1;3;5;71045700
Excel;254614864598;en;2;turkana.turkana-north;76;male;Brandon King;Nariemet;1;1;0;0;0;0;2;4;25558733
Excel;254878593499;en;2;kisumu.kisumu-central;62;male;Wayne Powell;Nyamasaria;0;0;0;1;0;0;1;2;79067939
Excel;254599064494;en;2;turkana;20;male;Roger Smith;Lodwar;0;0;0;0;1;0;1;4;82825679
Excel;254860075373;en;2;kisumu.kisumu-east;76;male;Joel Brown;Kondele;0;0;0;1;1;0;2;3;79583757
Excel;254444333350;en;2;kisumu.kisumu-east;88;female;Heidi Avila;Kondele;0;0;0;0;0;0;0;2;93940940
Excel;254376420898;en;2;kisumu;55;male;Jeremy Williams;Obunga;0;0;0;1;0;1;2;3;45843681
Excel;254340351084;en;2;turkana;35;female;Kirsten Pennington;Lokichar;0;0;0;1;1;0;2;4;68802946
Excel;254530897880;en;2;turkana.turkana-north;32;male;Stanley Washington;Nariemet;0;0;1;0;1;0;2;3;13874790
Excel;254244215077;en;2;kisumu.kisumu-west;70;female;Valerie Lynch;Kisian;1;0;1;0;0;0;2;4;42117961
Excel;254413197182;en;2;kisumu.kisumu-central;26;male;Michael Collins;Milimani;1;0;1;0;0;0;2;4;11835355
Excel;254537843165;en;2;turkana;86;male;Juan Davis;Kakuma;0;0;0;1;0;0;1;4;25228493
Excel;254658019078;en;2;kisumu.kisumu-east;88;female;Julia Wilson;Kajulu;0;0;0;0;0;1;1;4;30665654
Excel;254955447279;en;2;turkana;82;male;Jonathan Moran;Lokichar;0;1;0;1;0;1;3;4;78299645
Excel;254488359929;en;2;kisumu;57;female;Michele Perry;Nyalenda;0;0;1;0;0;1;2;4;74759996
Excel;254270284303;en;2;kisumu;47;female;Veronica Sanchez;Manyatta;0;0;1;0;0;0;1;3;83989546
Excel;254157734058;en;2;turkana.turkana-north;51;female;Brianna Lee;Nariemet;0;0;0;0;1;0;1;2;90447099
Excel;254815723240;en;2;turkana;34;male;Jordan Suarez;Kakuma;1;1;0;0;0;0;2;5;19369750
Excel;254791776270;en;2;kisumu.kisumu-east;68;male;Donald Tyler;Kajulu;0;0;0;0;0;1;1;3;65692629
Excel;254254451862;en;2;turkana;71;female;Gina French;Lodwar;1;0;0;0;0;0;1;4;45859307
Excel;254440059540;en;2;kisumu.kisumu-west;77;male;Robert Campbell;Otonglo;0;0;1;1;1;1;4;6;50071487
Excel;254535381684;en;2;turkana.turkana-north;74;female;Sara Carpenter;Nakwamekwi;1;0;1;1;0;0;3;4;98575748
Excel;254381139855;en;2;kisumu;89;male;John Hernandez;Obunga;1;0;1;0;1;0;3;4;82287061
Excel;254399063767;en;2;kisumu.kisumu-west;57;male;John Cook;Otonglo;0;0;0;0;0;0;0;2;82937948
Excel;254878133763;en;2;kisumu.kisumu-east;61;male;James Cantu;Kajulu;0;0;0;0;0;0;0;2;35320492
Excel;254304775454;en;2;kisumu;22;male;William Allen;Nyalenda;1;1;1;1;1;1;6;7;61401477
Excel;254477187159;en;2;kisumu;21;male;David Rowe;Obunga;0;0;0;0;0;0;0;2;15858241
Excel;254416601616;en;2;turkana.turkana-north;88;female;Emily Kennedy;Nariemet;0;0;1;0;0;1;2;4;61167978
Excel;254140642958;en;2;turkana;37;female;Jasmin Alvarado;Kakuma;0;1;0;0;1;0;2;5;97512508
Excel;254548133066;en;2;turkana;84;male;William Simpson;Lokichar;0;1;0;0;0;1;2;3;14968688
Excel;254800090565;en;2;kisumu;32;male;Cameron Sanford;Obunga;1;1;0;0;0;0;2;5;54559574
Excel;254358894829;en;2;turkana;23;male;Sergio Sawyer;Lokichar;0;0;0;0;0;0;0;1;69096899
Excel;254240784144;en;2;turkana.turkana-north;72;female;Ariana Lozano;Nariemet;1;0;0;0;1;0;2;3;12059919
Excel;254371694799;en;2;kisumu.kisumu-west;67;female;Miranda Ortiz;Otonglo;0;0;1;0;0;1;2;3;97883261
Excel;254574781805;en;2;turkana.turkana-north;23;female;Tracy Jones;Nakwamekwi;1;0;0;1;0;0;2;5;45570755
Excel;254436698829;en;2;turkana.turkana-north;78;male;George Schwartz;Nariemet;0;0;0;1;0;0;1;4;97219599
Excel;254897669546;en;2;turkana.turkana-north;19;female;Angela Murphy;Nakwamekwi;0;0;0;1;1;0;2;3;81621574
Excel;254258800637;en;2;kisumu.kisumu-east;76;female;Jamie Stewart;Kajulu;0;1;0;0;0;0;1;4;75491202
Excel;254141687139;en;2;turkana;55;male;Shane Johnson;Kakuma;1;0;0;1;0;0;2;5;19183277
Excel;254301792836;en;2;kisumu.kisumu-east;68;male;David Cohen;Kondele;0;0;0;0;1;0;1;2;48571356
Excel;254742814762;en;2;turkana.turkana-north;52;male;Zachary Francis;Nariemet;0;0;0;0;0;1;1;3;68246664
Excel;254644105056;en;2;kisumu.kisumu-west;44;female;Veronica Hodges;Otonglo;0;0;0;1;0;0;1;4;23489853
Excel;254444490784;en;2;turkana;40;male;Jeremy Benson;Kakuma;0;0;1;1;0;1;3;5;13885234
Excel;254850890906;en;2;kisumu;47;female;Amber Flynn;Nyalenda;0;0;0;0;0;0;0;1;49375156
Excel;254272027101;en;2;kisumu.kisumu-central;36;female;Heather Jordan;Milimani;0;0;1;1;1;1;4;6;42775624
Excel;254588941799;en;2;kisumu.kisumu-west;39;female;Kim Knight;Otonglo;1;0;0;1;0;0;2;4;34166826
Excel;254800914102;en;2;turkana;86;female;Carolyn Miller;Lodwar;0;0;0;0;1;0;1;4;61344226
Excel;254787155594;en;2;kisumu.kisumu-central;53;female;Lisa Allen;Milimani;0;0;0;1;0;0;1;2;88270025
Excel;254246872253;en;2;kisumu;36;male;Charles Murray;Nyalenda;0;0;1;1;0;0;2;3;44088261
Excel;254980248044;en;2;kisumu.kisumu-east;60;male;Joe Estrada;Kondele;1;0;1;1;0;0;3;6;72445234
Excel;254585195282;en;2;turkana;27;female;Stephanie Byrd;Kakuma;1;0;0;0;0;0;1;4;31203129
Excel;254387956169;en;2;kisumu.kisumu-west;61;male;Benjamin Landry;Kisian;0;0;0;0;0;0;0;2;88862539
Excel;254702310410;en;2;kisumu.kisumu-central;44;male;Edwin Hayden;Nyamasaria;0;0;0;0;0;0;0;1;43567615
Excel;254713546544;en;2;kisumu.kisumu-central;52;female;Joyce Turner;Milimani;1;1;0;1;0;0;3;5;61632653
Excel;254124082431;en;2;turkana.turkana-north;74;male;Samuel Rodriguez;Nakwamekwi;0;0;0;0;0;1;1;3;61185849
Excel;254850036679;en;2;kisumu.kisumu-central;28;male;Kenneth Andrews;Milimani;0;1;1;0;0;0;2;4;49625201
Excel;254695590403;en;2;kisumu.kisumu-west;86;male;Alex Greer;Kisian;0;0;0;0;0;0;0;3;63124147
Excel;254306706154;en;2;turkana.turkana-north;51;female;Denise Knight;Nakwamekwi;0;0;1;0;1;0;2;3;16582607
Excel;254382011517;en;2;turkana.turkana-north;46;female;Susan Mcgee;Nakwamekwi;0;0;0;1;1;1;3;4;48412328
Excel;254823818455;en;2;kisumu;53;male;Reginald Hall;Nyalenda;1;0;1;0;1;1;4;5;57287718
Excel;254708232064;en;2;kisumu.kisumu-central;33;male;Daniel Lee;Milimani;0;1;0;0;0;1;2;3;43638559
Excel;254451612920;en;2;kisumu.kisumu-central;25;female;Megan Le;Nyamasaria;0;0;1;1;0;0;2;3;98473848
Excel;254166039678;en;2;turkana;52;female;Melanie Taylor;Lodwar;0;1;0;1;1;1;4;6;23041121
Excel;254331315958;en;2;turkana;63;male;Steven Lucas;Lodwar;0;1;0;1;0;1;3;4;51464269
Excel;254239020117;en;2;turkana;82;male;Richard Johnson;Kakuma;1;1;1;0;0;1;4;7;58970845
Excel;254120199086;en;2;kisumu.kisumu-east;51;male;Nicholas Davis;Kondele;0;0;1;0;1;0;2;4;49609054
Excel;254421527273;en;2;kisumu;47;male;Gabriel Perry;Manyatta;0;1;0;0;0;0;1;2;36950221
Excel;254959316894;en;2;kisumu.kisumu-central;75;female;Bonnie Ryan;Nyamasaria;0;0;0;0;1;1;2;5;59104566
Excel;254652756952;en;2;turkana;21;female;Kiara Mcintyre;Lodwar;0;1;0;0;0;1;2;3;32084778
Excel;254787683673;en;2;turkana;36;female;Dawn Summers;Lodwar;0;0;0;1;0;1;2;5;74672520
Excel;254786499126;en;2;kisumu.kisumu-east;56;male;Walter Phillips;Kondele;1;0;0;0;1;0;2;4;55461591
Excel;254499958462;en;2;kisumu;84;female;Regina Mcdonald;Manyatta;1;1;0;0;0;0;2;5;20106509
Excel;254495899521;en;2;turkana;54;male;Charles Levy;Lodwar;1;0;1;0;0;1;3;5;63339667
Excel;254612634057;en;2;kisumu;38;female;Tracy Ballard;Nyalenda;0;1;0;0;0;1;2;3;59093496
Excel;254210168072;en;2;kisumu.kisumu-west;48;female;Ann Foster;Kisian;0;1;1;0;1;0;3;4;45495029
Excel;254876422727;en;2;kisumu.kisumu-east;64;male;Joshua Gibson;Kondele;1;1;1;1;1;1;6;7;45186708
Excel;254548328659;en;2;kisumu;60;male;Kevin Carson;Manyatta;0;0;0;0;0;0;0;3;59858348
Excel;254385582918;en;2;kisumu.kisumu-central;44;male;Brian Hall;Milimani;0;1;1;0;1;0;3;6;13358751
Excel;254450849479;en;2;kisumu;30;male;Manuel Hahn;Nyalenda;0;1;1;0;0;0;2;4;54024257
Excel;254675745084;en;2;kisumu.kisumu-west;54;male;Thomas Walker;Otonglo;1;0;1;1;0;0;3;5;18484847
Excel;254883179422;en;2;kisumu.kisumu-west;18;male;Mark Marshall;Otonglo;0;0;1;0;1;1;3;5;50559278
Excel;254788036706;en;2;turkana;84;female;Marie Wilson;Kakuma;0;0;0;0;0;1;1;3;16086345
Excel;254471302337;en;2;kisumu.kisumu-east;48;male;Tracy Torres;Kondele;1;1;0;0;1;0;3;5;76118957
Excel;254181734031;en;2;kisumu.kisumu-west;61;female;Audrey Young;Otonglo;0;0;0;1;0;1;2;3;82148284
Excel;254527981149;en;2;kisumu.kisumu-west;26;male;Chad Chavez;Otonglo;0;0;1;0;0;1;2;3;99991136
Excel;254490398522;en;2;turkana;70;female;Tiffany Horton;Lokichar;0;0;1;1;1;0;3;5;82503409
Excel;254639689209;en;2;kisumu.kisumu-central;19;female;Jennifer Newton;Nyamasaria;0;1;0;0;0;0;1;2;30739712
Excel;254165080466;en;2;kisumu.kisumu-west;21;male;Stephen Pena;Otonglo;0;0;0;0;0;0;0;1;75679047
Excel;254525112836;en;2;kisumu;21;male;Luis Crosby;Nyalenda;1;0;0;0;0;1;2;3;47546086
Excel;254638348935;en;2;turkana.turkana-north;40;male;Andrew Wood;Nariemet;1;0;1;1;0;0;3;6;69509870
Excel;254406043977;en;2;turkana;23;female;Jill Young;Lokichar;1;0;0;1;0;1;3;6;58678896
Excel;254833620410;en;2;turkana;29;female;Ariana Jennings;Lodwar;1;1;0;1;1;0;4;6;83076970
Excel;254612570168;en;2;turkana;65;female;Stephanie Newman;Lodwar;0;0;0;1;0;1;2;5;18126895
Excel;254752856667;en;2;turkana;71;male;James Lopez;Lokichar;0;0;0;1;0;0;1;3;26395999
Excel;254177576371;en;2;kisumu;89;male;Travis Holloway;Obunga;1;0;0;1;0;0;2;3;22304198
Excel;254815382536;en;2;turkana.turkana-north;88;female;Mary May;Nariemet;1;1;1;1;1;0;5;7;90147573
Excel;254811212494;en;2;kisumu.kisumu-central;18;male;Wesley Williams;Milimani;0;0;0;0;0;0;0;2;54762841
Excel;254596857817;en;2;turkana;44;female;Dana Martinez;Kakuma;0;0;1;0;1;1;3;6;85776373
Excel;254683143668;en;2;kisumu.kisumu-east;82;female;Christine Gallegos;Kondele;0;0;0;0;0;1;1;3;84384510
Excel;254486648395;en;2;kisumu.kisumu-west;75;female;Christine Robinson;Kisian;0;0;0;1;0;1;2;5;41272553
Excel;254867613053;en;2;kisumu.kisumu-central;74;female;Erin Hernandez;Nyamasaria;1;1;1;0;0;1;4;5;89991301
Excel;254454108629;en;2;kisumu;38;male;Aaron Garrison;Nyalenda;0;1;1;0;0;0;2;5;29419691
Excel;254735738856;en;2;turkana;39;male;William Fernandez;Lodwar;0;0;1;0;1;1;3;6;33420607
Excel;254731288338;en;2;turkana.turkana-north;79;male;Brian Delacruz;Nariemet;0;1;1;0;1;0;3;4;27690330
Excel;254534708472;en;2;turkana.turkana-north;25;male;Adrian Tyler;Nakwamekwi;0;0;0;0;1;1;2;5;41934639
Excel;254750467386;en;2;kisumu.kisumu-east;51;male;Kevin Smith;Kondele;1;0;1;0;1;1;4;6;45617024
Excel;254351101472;en;2;kisumu;21;female;Amy Harmon;Manyatta;0;1;1;0;0;1;3;6;80610004
Excel;254194675685;en;2;kisumu.kisumu-central;68;female;Ashley Brown;Milimani;0;0;1;1;1;0;3;6;70166480
Excel;254730187613;en;2;kisumu.kisumu-central;34;female;Paula Palmer;Nyamasaria;0;1;0;0;0;1;2;4;24636981
Excel;254798060430;en;2;kisumu;22;female;Jodi Walker;Nyalenda;0;0;1;1;1;1;4;5;92558242
Excel;254930453958;en;2;turkana.turkana-north;87;male;Andrew Logan;Nakwamekwi;0;0;0;0;1;0;1;2;98436473
Excel;254378914628;en;2;kisumu.kisumu-central;76;male;Joseph Ellis;Milimani;0;0;0;0;0;0;0;2;14180968
Excel;254930198994;en;2;kisumu.kisumu-central;75;male;Antonio Mendoza;Milimani;0;0;0;0;1;1;2;5;63904155
Excel;254298867360;en;2;kisumu.kisumu-east;39;female;Jessica Rodriguez;Kajulu;0;1;0;0;1;0;2;3;69533928
Excel;254460919384;en;2;turkana;42;female;Angel Miller;Lokichar;0;0;0;1;0;1;2;3;91644298
Excel;254671622457;en;2;turkana;25;male;Charles Martinez;Lodwar;1;0;0;0;0;0;1;4;93794475
Excel;254644575417;en;2;turkana;33;male;Mark Kelley;Lokichar;0;1;0;0;1;0;2;5;53645651
Excel;254521845124;en;2;turkana;22;male;James Harper;Kakuma;1;0;1;1;0;1;4;5;49580505
Excel;254358615939;en;2;turkana;59;female;Jody Jacobs;Lodwar;0;1;1;0;1;1;4;5;23311507
Excel;254998835649;en;2;kisumu.kisumu-west;32;female;Rebecca Wilson;Kisian;0;1;0;0;1;1;3;6;97874085
Excel;254925854325;en;2;kisumu.kisumu-east;90;female;Marilyn Mack;Kajulu;1;1;0;1;1;0;4;7;38859907
Excel;254256188353;en;2;turkana;62;male;Jeffrey Beasley;Kakuma;1;0;0;0;1;0;2;4;65541117
Excel;254632735486;en;2;kisumu;21;female;Gina Chavez;Manyatta;1;0;1;0;1;0;3;4;65833185
Excel;254126166898;en;2;turkana;38;male;Nicholas Edwards;Kakuma;1;1;1;0;1;0;4;5;51946203
Excel;254682086519;en;2;kisumu.kisumu-central;85;female;Mary Brooks;Nyamasaria;0;0;0;1;0;0;1;3;30486849
Excel;254425817640;en;2;kisumu.kisumu-central;22;male;Michael Wells;Nyamasaria;0;1;0;0;1;1;3;5;22243983
Excel;254750069381;en;2;turkana.turkana-north;65;male;Ronald Davis;Nakwamekwi;0;0;0;0;1;1;2;5;22960658
Excel;254350131505;en;2;turkana;56;female;Natasha Watson;Lokichar;0;0;0;0;1;1;2;5;27463800
Excel;254891301343;en;2;turkana;77;male;Justin Willis;Kakuma;1;0;0;1;0;1;3;4;85374852
Excel;254190673412;en;2;turkana.turkana-north;87;female;Kristina Santiago;Nariemet;0;1;0;0;1;0;2;4;65137801
Excel;254519745999;en;2;turkana.turkana-north;59;male;Hayden Ortega;Nakwamekwi;0;0;1;1;0;0;2;4;66765623
Excel;254722822571;en;2;turkana;51;male;Sean Griffith;Lokichar;0;1;0;0;0;0;1;4;48604965
Excel;254518493918;en;2;turkana.turkana-north;69;male;Kyle Bell;Nariemet;0;0;0;1;0;1;2;3;87566910
Excel;254886381834;en;2;kisumu;55;male;Jordan Moore;Manyatta;0;0;1;0;0;0;1;3;74718365
Excel;254266846001;en;2;kisumu.kisumu-west;27;female;Courtney Rodriguez;Kisian;0;0;1;1;0;0;2;4;84660688
Excel;254620867527;en;2;kisumu.kisumu-west;84;male;Jacob Farmer;Kisian;0;0;1;0;0;0;1;4;87054398
Excel;254474141615;en;2;turkana;19;male;Darrell Patterson;Lokichar;0;0;0;1;1;1;3;6;85291541
Excel;254722684138;en;2;kisumu.kisumu-central;70;female;Vanessa Cardenas;Nyamasaria;1;1;1;0;0;0;3;6;92352411
Excel;254479612454;en;2;kisumu.kisumu-west;31;female;Megan Hawkins;Kisian;1;0;1;0;1;1;4;7;91737913
Excel;254395856846;en;2;turkana.turkana-north;68;female;Tanya Gallegos;Nakwamekwi;0;0;0;1;1;1;3;6;45896226
Excel;254783026033;en;2;kisumu.kisumu-east;32;female;Alyssa Nelson;Kondele;1;0;0;0;0;0;1;4;51471222
Excel;254582548035;en;2;kisumu.kisumu-east;20;female;Tammy Bell;Kajulu;0;0;0;0;0;0;0;1;34347841
Excel;254543066987;en;2;kisumu.kisumu-east;83;male;Sergio Knight;Kajulu;1;0;0;0;1;0;2;4;63792364
Excel;254491933868;en;2;turkana;22;male;Benjamin Figueroa;Lokichar;1;1;1;0;0;1;4;6;14114726
Excel;254313727167;en;2;turkana;50;male;Brandon Moreno;Lodwar;0;0;1;0;1;1;3;5;60491958
Excel;254620197660;en;2;kisumu.kisumu-west;33;female;Jennifer Peterson;Otonglo;1;0;1;0;0;0;2;4;59667685
Excel;254646696139;en;2;kisumu;19;male;Eric Nguyen;Manyatta;0;1;1;0;1;0;3;4;86181117
Excel;254646313055;en;2;kisumu;51;female;Linda Ware;Obunga;0;0;0;1;0;0;1;4;30881581
Excel;254352831298;en;2;kisumu.kisumu-east;52;male;Christopher Williamson;Kondele;1;0;0;0;0;0;1;2;20949687
Excel;254365387560;en;2;kisumu;51;male;Dillon Stanley;Manyatta;0;0;1;1;1;1;4;7;75184410
Excel;254804676349;en;2;kisumu.kisumu-west;81;male;Lawrence Perry;Otonglo;0;0;0;0;0;0;0;1;38933176
Excel;254248056716;en;2;turkana;62;male;Paul Wilson;Kakuma;1;0;1;0;1;1;4;7;67702031
Excel;254903323796;en;2;kisumu;90;female;Ashley Gregory;Obunga;0;0;1;0;1;0;2;5;89609131
Excel;254782548193;en;2;turkana;50;male;John Estrada;Lodwar;0;0;0;1;0;0;1;3;16095815
Excel;254113079134;en;2;kisumu;58;male;Daniel Joyce;Nyalenda;1;1;0;0;1;0;3;4;17352710
Excel;254682812303;en;2;kisumu;73;female;Aimee Turner;Obunga;0;1;1;0;0;1;3;6;38351344
Excel;254467011509;en;2;kisumu;46;female;Pamela Duran;Obunga;0;0;0;0;0;1;1;3;48848936
Excel;254239661795;en;2;turkana.turkana-north;25;male;Garrett Smith;Nariemet;1;1;0;0;1;1;4;6;67801537
Excel;254496126266;en;2;turkana;64;male;Christopher James;Lokichar;0;0;0;1;0;1;2;5;40884937
Excel;254286756098;en;2;kisumu.kisumu-east;58;female;Kathryn Whitaker;Kajulu;1;0;0;1;1;0;3;5;57535513
Excel;254178685417;en;2;turkana.turkana-north;52;female;Andrea Hensley;Nariemet;1;1;0;0;0;0;2;3;15677713
Excel;254442423674;en;2;kisumu.kisumu-west;84;female;Jessica Stevens;Kisian;0;0;0;0;1;0;1;2;20450542
Excel;254211957462;en;2;kisumu.kisumu-central;34;female;Shannon Johnston;Milimani;0;0;0;0;1;1;2;3;86960402
Excel;254914751020;en;2;kisumu.kisumu-east;19;male;Jared Bowman;Kajulu;0;0;0;0;0;0;0;1;48858073
Excel;254514559707;en;2;turkana;71;female;Ashley Smith;Lokichar;1;0;0;1;0;0;2;4;53589647
Excel;254229006853;en;2;kisumu;48;male;Christopher Meza;Nyalenda;1;0;0;0;1;0;2;3;71753160
Excel;254474218945;en;2;kisumu.kisumu-east;39;female;Sandra Gillespie;Kondele;0;0;1;1;0;1;3;5;21828592
Excel;254229344526;en;2;kisumu.kisumu-west;37;female;Jessica Rodriguez;Kisian;1;0;1;1;1;0;4;7;68475513
Excel;254870112432;en;2;kisumu.kisumu-west;38;female;Leah Warren;Kisian;1;1;1;0;1;1;5;6;63118906
Excel;254615769059;en;2;kisumu.kisumu-west;29;female;Sheila Reese;Otonglo;0;0;0;0;0;1;1;4;39738898
Excel;254143477116;en;2;kisumu;48;male;Gary Jackson;Manyatta;0;1;0;0;0;0;1;2;78515906
Excel;254418629584;en;2;kisumu.kisumu-east;71;male;Mark Schmidt;Kondele;0;0;0;0;1;1;2;4;36025314
Excel;254259515646;en;2;kisumu.kisumu-central;65;male;Taylor Bailey;Milimani;0;1;1;1;1;1;5;7;96629889
Excel;254871504806;en;2;kisumu.kisumu-west;74;female;Robin Young;Otonglo;0;1;0;0;0;0;1;4;29655410
Excel;254791820700;en;2;turkana;42;male;David Thompson;Kakuma;1;0;0;0;0;1;2;5;30517835
Excel;254163252386;en;2;kisumu.kisumu-west;19;male;Philip Rios;Kisian;0;1;0;0;0;0;1;4;33776150
Excel;254497874711;en;2;turkana.turkana-north;80;female;Tiffany Burton;Nariemet;0;0;0;1;1;0;2;3;72270726
Excel;254524662356;en;2;turkana;48;male;Paul Wolf;Lodwar;0;0;1;1;0;0;2;3;70251043
Excel;254294345982;en;2;kisumu;73;male;Michael Macias;Obunga;0;1;0;1;1;1;4;5;96300902
Excel;254336718163;en;2;kisumu.kisumu-east;36;male;Mark Weber;Kondele;0;1;0;0;0;1;2;3;94183695
Excel;254476754381;en;2;kisumu.kisumu-east;29;male;Eugene Gonzales;Kajulu;0;0;0;0;0;1;1;2;72937522
Excel;254161981802;en;2;kisumu.kisumu-west;63;male;Jeremy Turner;Kisian;1;0;0;0;0;1;2;4;46866075
Excel;254641097367;en;2;turkana.turkana-north;75;female;Leslie Bell;Nariemet;0;0;0;1;0;0;1;4;19957701
Excel;254738388408;en;2;turkana.turkana-north;83;female;Emily Hayes;Nariemet;0;1;0;0;0;1;2;5;17635653
Excel;254494096280;en;2;turkana.turkana-north;33;male;Jacob Mitchell;Nakwamekwi;0;0;1;0;1;1;3;4;96525668
Excel;254350212721;en;2;kisumu;26;female;Sharon Wyatt;Manyatta;1;0;1;0;0;0;2;5;92545028
Excel;254989029305;en;2;kisumu;89;male;Kirk Cruz;Obunga;0;0;0;1;1;1;3;4;87890494
Excel;254293581207;en;2;kisumu;80;female;Kristen Conner;Nyalenda;1;1;0;1;0;1;4;5;15505975
Excel;254689276443;en;2;turkana;46;female;Joanna Pacheco;Lokichar;0;1;0;0;0;0;1;4;97488142
Excel;254337266353;en;2;turkana;87;male;Cole Jacobs;Lodwar;0;1;0;0;0;0;1;3;77292380
Excel;254139338621;en;2;kisumu.kisumu-west;31;female;Brittany Brown;Kisian;1;0;0;0;1;0;2;4;23891786
Excel;254704089333;en;2;turkana;90;female;Rita Monroe;Lodwar;0;0;1;1;1;1;4;7;21318464
Excel;254403130330;en;2;kisumu.kisumu-east;18;male;Jonathan Thompson;Kajulu;0;0;0;0;0;0;0;2;43251599
Excel;254904089046;en;2;kisumu.kisumu-west;89;female;Michelle Ritter;Otonglo;0;0;0;0;0;0;0;3;80339290
Excel;254125950677;en;2;kisumu.kisumu-central;79;female;Kelly Moore;Nyamasaria;0;0;1;0;1;1;3;5;60043345
Excel;254693089332;en;2;kisumu.kisumu-central;63;female;Tabitha Hughes;Nyamasaria;0;0;1;0;0;0;1;2;55414869
Excel;254374396600;en;2;turkana;41;male;Michael Williams;Lodwar;0;0;0;0;0;0;0;1;94676162
Excel;254581296451;en;2;kisumu.kisumu-east;20;male;Matthew Jones;Kondele;1;1;0;0;0;0;2;4;22684373
Excel;254324022132;en;2;kisumu.kisumu-west;81;female;Kristin Hughes;Kisian;0;0;1;0;0;0;1;2;43822301
Excel;254386915331;en;2;kisumu;81;female;Misty Douglas;Obunga;1;0;0;1;0;1;3;5;90893133
Excel;254525645875;en;2;kisumu.kisumu-east;68;male;Shane Cook;Kondele;1;0;1;0;0;0;2;3;88213973
Excel;254327028840;en;2;kisumu.kisumu-central;63;male;Matthew Rangel;Milimani;0;0;0;1;0;1;2;5;51638598
Excel;254347038026;en;2;kisumu;88;female;Tracy Hale;Obunga;1;0;1;0;1;1;4;5;62607710
Excel;254562662697;en;2;kisumu;57;male;Carl Fletcher;Obunga;1;0;1;0;0;0;2;5;21370793
Excel;254793872822;en;2;kisumu.kisumu-west;43;male;Eric Bennett;Otonglo;1;1;0;1;0;1;4;7;54087376
Excel;254973691208;en;2;kisumu.kisumu-west;63;male;Robert Santiago;Kisian;1;0;0;1;1;0;3;4;80651318
Excel;254955813919;en;2;turkana;87;female;Anna Santiago;Kakuma;1;0;0;0;0;0;1;2;78248169
Excel;254272638515;en;2;turkana.turkana-north;62;female;Heidi Cox;Nariemet;0;0;0;1;0;0;1;4;34194479
Excel;254568422410;en;2;kisumu.kisumu-east;74;female;Tiffany Peterson;Kajulu;1;0;0;1;0;0;2;5;75266178
Excel;254957756118;en;2;kisumu.kisumu-east;71;male;Corey Cooke;Kajulu;0;0;0;0;0;0;0;1;30796389
Excel;254355169623;en;2;kisumu.kisumu-east;32;female;Angela Richard;Kondele;1;1;0;0;0;0;2;3;23574883
Excel;254270449133;en;2;turkana.turkana-north;86;female;Katie Fernandez;Nakwamekwi;0;0;1;0;0;1;2;4;80669879
Excel;254710766142;en;2;kisumu.kisumu-east;31;female;Amanda Rogers;Kondele;0;1;0;0;0;1;2;3;92950779
Excel;254340764595;en;2;kisumu.kisumu-east;58;female;Bonnie Bennett;Kondele;0;1;1;1;0;0;3;4;31776452
Excel;254261417734;en;2;turkana;43;male;Christopher Schwartz;Lokichar;0;0;0;0;0;0;0;3;93851247
Excel;254257849619;en;2;turkana.turkana-north;73;male;Robert Martin;Nakwamekwi;0;0;1;1;1;0;3;5;68743530
Excel;254811113688;en;2;kisumu.kisumu-west;49;female;Amanda Diaz;Kisian;0;1;0;0;0;0;1;3;41880763
Excel;254573153540;en;2;turkana.turkana-north;18;male;Wayne Bishop;Nakwamekwi;0;0;0;0;0;1;1;3;70254091
Excel;254194786654;en;2;kisumu;25;female;Cynthia Allen;Nyalenda;1;0;1;0;1;1;4;6;72950208
Excel;254485710749;en;2;turkana.turkana-north;62;male;Stuart Lee;Nakwamekwi;0;0;0;0;1;1;2;3;86560394
Excel;254682301967;en;2;kisumu;78;male;William Murray;Manyatta;0;1;1;0;0;0;2;3;47818761
Excel;254601285507;en;2;turkana;68;male;Richard Shaw;Kakuma;0;0;0;1;1;1;3;5;66191704
Excel;254277728356;en;2;kisumu.kisumu-west;22;male;Vincent Montoya;Otonglo;0;0;0;1;1;0;2;4;91156554
Excel;254882865616;en;2;turkana;44;male;Charles Wright;Kakuma;1;0;0;0;0;1;2;4;96057593
Excel;254912051081;en;2;turkana.turkana-north;48;female;Karen Watson;Nakwamekwi;0;0;0;1;1;1;3;6;23769360
Excel;254667586531;en;2;kisumu.kisumu-central;61;male;Michael Black;Nyamasaria;0;0;0;0;0;1;1;2;26733967
Excel;254301824488;en;2;turkana;57;male;Dustin Hines;Lokichar;1;0;0;1;1;1;4;7;46613428
Excel;254127624835;en;2;kisumu.kisumu-east;78;female;Joann Palmer;Kondele;1;1;0;0;0;0;2;3;68716573
Excel;254558284591;en;2;turkana;51;male;Brandon Lozano;Lokichar;0;1;0;0;0;1;2;3;70549373
Excel;254877329660;en;2;kisumu.kisumu-west;35;male;Stephen Arias;Kisian;0;1;1;0;0;0;2;3;65686520
Excel;254619864092;en;2;turkana;65;male;Anthony Shaw;Lokichar;1;0;1;0;1;1;4;6;41645597
Excel;254205392025;en;2;kisumu.kisumu-central;44;male;James Miller;Milimani;1;0;0;0;0;0;1;3;40137082
Excel;254630817026;en;2;kisumu.kisumu-east;53;male;Alfred Galvan;Kajulu;0;1;0;1;0;0;2;3;97236246
Excel;254739763134;en;2;turkana;49;female;Gabriela Thomas;Kakuma;0;0;1;1;0;0;2;4;15140967
Excel;254429097219;en;2;turkana.turkana-north;61;female;Donna Gallegos;Nariemet;0;1;1;0;0;0;2;5;28628439
Excel;254883907908;en;2;turkana.turkana-north;52;male;Peter Harrison;Nakwamekwi;1;1;1;0;0;1;4;6;92590645
Excel;254710520656;en;2;kisumu.kisumu-east;49;male;Aaron Miller;Kondele;1;1;0;0;0;0;2;4;44349528
Excel;254287912398;en;2;turkana;86;male;Daniel Hernandez;Kakuma;1;0;1;0;0;1;3;5;91722503
Excel;254740816206;en;2;turkana;51;female;Kelsey Rodriguez;Kakuma;1;1;0;1;0;0;3;4;48668339
Excel;254947504806;en;2;kisumu.kisumu-west;53;male;David Martinez;Kisian;0;1;0;1;0;1;3;4;42002808
Excel;254430161085;en;2;turkana.turkana-north;52;female;Jennifer Bauer;Nariemet;0;1;0;0;1;1;3;5;71352751
Excel;254598582261;en;2;turkana;33;male;Arthur Copeland;Lokichar;0;0;0;0;1;0;1;2;77085942
Excel;254772497083;en;2;turkana.turkana-north;29;male;Kyle Smith;Nakwamekwi;1;0;0;0;1;0;2;5;79172559
Excel;254961945298;en;2;turkana;78;male;Kenneth Higgins;Kakuma;1;0;0;1;0;0;2;5;49093864
Excel;254149933913;en;2;kisumu;44;male;Jeffrey Mendez;Obunga;0;0;0;1;0;0;1;4;42287985
Excel;254176930865;en;2;turkana;58;male;Kenneth Lopez;Lokichar;0;0;0;0;0;0;0;3;99686286
Excel;254414272886;en;2;kisumu.kisumu-central;24;female;Angela Villegas;Milimani;0;0;0;0;1;0;1;2;19083764
Excel;254302474432;en;2;kisumu.kisumu-east;21;female;Tiffany Stephens;Kondele;0;1;0;0;0;0;1;4;78131950
Excel;254375512777;en;2;kisumu.kisumu-central;43;female;Kristen Myers;Nyamasaria;0;0;1;0;0;1;2;3;73100462
Excel;254303956102;en;2;kisumu;25;female;Amanda Hughes;Manyatta;0;0;1;0;1;0;2;5;60103798
Excel;254151679727;en;2;kisumu.kisumu-west;21;male;David Smith;Kisian;0;1;0;1;0;1;3;4;19067690
Excel;254423958355;en;2;turkana;32;female;Haley Quinn;Lodwar;0;0;1;0;0;0;1;2;94323222
Excel;254354580589;en;2;turkana.turkana-north;57;female;Ashley Perkins;Nakwamekwi;0;1;0;0;0;1;2;5;54629892
Excel;254149940313;en;2;kisumu;90;female;Brandi Bell;Obunga;0;1;1;0;1;0;3;5;55439043
Excel;254350033096;en;2;kisumu.kisumu-west;21;male;Robert Thompson;Kisian;0;1;1;1;0;0;3;6;72360629
Excel;254130278503;en;2;kisumu;31;male;William Mendoza;Manyatta;0;1;0;0;0;0;1;4;34464938
Excel;254448406093;en;2;kisumu.kisumu-west;71;male;Robert Brown;Otonglo;0;0;1;1;0;1;3;5;71428713
Excel;254293279513;en;2;kisumu.kisumu-west;84;male;Andrew Harris;Kisian;0;1;0;0;0;0;1;2;36772387
Excel;254629027088;en;2;kisumu.kisumu-central;78;female;Stacey Stewart;Nyamasaria;1;1;0;0;0;0;2;5;51617680
Excel;254592648555;en;2;kisumu;50;male;Jose Hays;Nyalenda;0;0;1;1;1;1;4;5;82884346
Excel;254384191459;en;2;kisumu.kisumu-west;31;female;Kara Johnson;Kisian;0;1;0;1;0;1;3;6;96825515
Excel;254541724360;en;2;turkana.turkana-north;27;male;Corey Kelly;Nakwamekwi;0;0;1;0;0;0;1;4;16416148
Excel;254740435440;en;2;kisumu.kisumu-central;77;male;Sean Rivera;Nyamasaria;1;0;1;0;0;0;2;3;26706752
Excel;254632465437;en;2;kisumu;63;female;Rebecca Kim;Nyalenda;1;1;0;0;0;0;2;3;63690013
Excel;254266053132;en;2;kisumu.kisumu-east;68;male;Patrick Kline;Kajulu;0;1;0;0;0;0;1;3;61894582
Excel;254978546363;en;2;kisumu.kisumu-central;63;male;Gerald Lopez;Nyamasaria;0;0;1;0;0;0;1;2;76776459
Excel;254873225171;en;2;turkana;47;male;Jacob Salinas;Kakuma;0;0;0;0;1;0;1;2;45798645
Excel;254975684364;en;2;kisumu.kisumu-central;71;female;Rebecca Acosta;Nyamasaria;1;0;0;0;0;0;1;3;20593403
Excel;254425251693;en;2;kisumu.kisumu-west;38;female;Jessica Carney;Otonglo;0;0;1;1;0;1;3;4;34220459
Excel;254209185264;en;2;kisumu.kisumu-west;58;female;Kimberly Morris;Otonglo;1;0;0;0;1;0;2;3;20746667
Excel;254667773601;en;2;kisumu.kisumu-central;18;male;Garrett Phillips;Nyamasaria;1;1;0;0;1;0;3;4;69849800
Excel;254257551628;en;2;kisumu.kisumu-east;80;female;Lindsey Simmons;Kajulu;0;0;1;0;1;0;2;5;69580374
Excel;254764684169;en;2;turkana.turkana-north;38;female;Heather Williams;Nariemet;0;0;0;1;1;0;2;5;57319709
Excel;254122243238;en;2;kisumu.kisumu-west;85;male;Lucas Graham;Kisian;0;1;1;0;1;0;3;4;95828117
Excel;254515912633;en;2;kisumu;71;male;William Gould;Manyatta;0;0;1;0;0;1;2;3;20071854
Excel;254654578570;en;2;kisumu.kisumu-central;32;female;Megan Sullivan;Milimani;0;1;0;0;1;1;3;4;78865239
Excel;254628840892;en;2;kisumu;84;female;Rebecca Shelton;Manyatta;0;0;0;1;1;0;2;3;14179623
Excel;254921562066;en;2;kisumu.kisumu-east;19;female;Brenda Lawson;Kajulu;0;1;0;0;0;0;1;3;68810561
Excel;254120383154;en;2;turkana.turkana-north;78;male;Andrew Jones;Nakwamekwi;0;0;1;0;0;0;1;2;96592295
Excel;254522526771;en;2;turkana;52;male;Jacob Reyes;Lokichar;0;0;0;0;0;1;1;2;86134287
Excel;254794171976;en;2;turkana.turkana-north;22;male;Andrew Hernandez;Nariemet;1;1;1;0;0;0;3;6;70387584
Excel;254364565631;en;2;turkana;26;male;Travis Watson;Lodwar;0;0;1;1;0;0;2;5;20319387
Excel;254322968650;en;2;kisumu.kisumu-east;58;male;Kenneth Moreno;Kajulu;0;0;0;1;0;1;2;4;63423225
Excel;254992087458;en;2;kisumu.kisumu-central;74;male;Ernest Ramirez;Milimani;1;0;0;0;0;1;2;3;25226815
Excel;254295886797;en;2;turkana;21;female;Allison Lopez;Kakuma;1;0;0;1;0;0;2;3;79490594
Excel;254923475270;en;2;kisumu.kisumu-central;43;male;James Hoffman;Milimani;1;1;1;0;0;1;4;6;45135070
Excel;254158009049;en;2;kisumu.kisumu-central;21;female;Patricia Padilla;Milimani;0;0;0;1;0;0;1;2;38799154
Excel;254188083901;en;2;turkana;22;female;Whitney Mitchell;Lokichar;0;0;0;0;1;0;1;3;75927774
Excel;254342234772;en;2;kisumu.kisumu-east;36;male;Curtis Taylor;Kajulu;1;0;0;0;0;0;1;3;19939096
Excel;254243363506;en;2;kisumu;25;male;Jesse Roach;Nyalenda;0;0;1;0;0;0;1;4;69741812
Excel;254853862353;en;2;kisumu.kisumu-central;57;female;Yolanda Cochran;Nyamasaria;1;1;1;0;1;0;4;7;52894344
Excel;254727785330;en;2;kisumu.kisumu-east;22;male;Michael Mckinney;Kajulu;0;0;0;1;0;1;2;3;83819367
Excel;254229259433;en;2;kisumu;30;female;Kimberly Vance;Obunga;0;1;0;1;0;1;3;4;31139996
Excel;254827300488;en;2;kisumu.kisumu-east;82;male;Michael Ho;Kajulu;1;1;1;0;1;1;5;8;95590648
Excel;254871513791;en;2;kisumu.kisumu-west;67;female;Carrie Ward;Otonglo;0;0;0;0;0;1;1;3;40097200
Excel;254139995974;en;2;turkana.turkana-north;76;female;Barbara Harris;Nakwamekwi;0;1;0;0;1;1;3;4;28639738
Excel;254644162453;en;2;kisumu;74;male;David Snyder;Nyalenda;0;0;1;0;0;0;1;4;58438711
Excel;254974516786;en;2;turkana.turkana-north;24;female;Kristen Wood;Nariemet;0;0;0;1;0;1;2;4;84040798
Excel;254220225952;en;2;kisumu.kisumu-central;66;female;Beverly Henson;Nyamasaria;0;1;0;0;0;0;1;2;18824561
Excel;254754153772;en;2;kisumu.kisumu-east;89;female;Ellen Key;Kajulu;1;0;1;1;0;0;3;5;74245343
Excel;254633107955;en;2;kisumu.kisumu-west;79;female;Kelly Hammond;Otonglo;0;1;1;0;1;0;3;6;87161840
Excel;254313677582;en;2;turkana.turkana-north;46;male;Benjamin Compton;Nakwamekwi;1;0;0;0;0;0;1;2;96213226
Excel;254000000001;en;2;kisumu.kisumu-west;87;male;Benjamin Owens;Otonglo;1;0;0;1;0;1;3;4;79438885
Excel;254701230323;en;2;turkana.turkana-north;49;male;Gregory Humphrey;Nariemet;0;1;0;1;1;0;3;4;83994695
Excel;254917550676;en;2;turkana;89;female;Margaret White;Lodwar;0;1;1;1;1;0;4;6;27318510
Excel;254370852747;en;2;turkana;44;female;Jessica Bartlett;Lokichar;0;0;1;0;0;1;2;3;17437386
Excel;254914536316;en;2;kisumu;56;male;Ronald Holmes;Manyatta;1;0;1;0;0;0;2;4;50818905
Excel;254409776284;en;2;kisumu.kisumu-central;79;male;Christopher Morris;Nyamasaria;0;0;0;0;0;0;0;2;40262109
Excel;254869172974;en;2;turkana.turkana-north;32;female;Hannah Everett;Nakwamekwi;0;1;0;1;0;0;2;5;48124318
Excel;254868964757;en;2;kisumu;31;male;Ryan King;Manyatta;0;1;1;0;1;0;3;4;95235919
Excel;254603135658;en;2;kisumu.kisumu-central;90;female;Tina Hill;Milimani;1;0;0;0;1;1;3;6;93889081
Excel;254838580618;en;2;kisumu;31;female;Elizabeth Ferguson;Obunga;1;1;1;0;1;0;4;6;77454225
Excel;254825623082;en;2;kisumu.kisumu-east;74;female;Margaret Vargas;Kondele;0;1;0;0;1;0;2;4;87933054
Excel;254997651397;en;2;kisumu.kisumu-central;56;female;Brittany Hopkins;Nyamasaria;0;0;0;0;0;1;1;2;91220369
Excel;254667686686;en;2;kisumu.kisumu-central;46;female;Gail Bradshaw;Milimani;0;0;0;0;0;1;1;2;15529005
Excel;254442515335;en;2;kisumu.kisumu-east;24;male;Roger Johnson;Kajulu;0;0;0;0;1;1;2;5;16101779
Excel;254299030266;en;2;turkana;18;female;Tiffany Wise;Kakuma;0;0;0;1;0;0;1;3;45521514
Excel;254523796159;en;2;kisumu.kisumu-west;88;female;Marilyn Wang;Otonglo;1;0;0;1;0;1;3;6;65913331
Excel;254726797530;en;2;kisumu.kisumu-east;43;female;Lisa Johnson;Kajulu;0;0;1;0;0;0;1;3;94176528
Excel;254526336297;en;2;kisumu.kisumu-west;46;male;Joshua May;Otonglo;0;0;0;0;1;0;1;4;50546385
Excel;254850022622;en;2;kisumu.kisumu-west;32;female;Karen Ballard;Otonglo;1;1;0;1;0;0;3;4;64504816
Excel;254814055800;en;2;kisumu;83;female;Elizabeth Jones;Nyalenda;0;0;0;0;0;0;0;3;18041391
Excel;254850875077;en;2;kisumu.kisumu-central;44;female;Brooke Perry;Nyamasaria;0;1;0;0;0;1;2;3;72336371
Excel;254984676559;en;2;kisumu.kisumu-east;60;male;Damon Lawson;Kajulu;0;0;0;0;1;0;1;4;51954112
Excel;254302939141;en;2;kisumu.kisumu-central;22;female;Shannon Flores;Milimani;1;1;1;1;0;0;4;7;56354851
Excel;254715936081;en;2;kisumu.kisumu-central;51;male;William Anderson;Milimani;1;0;0;0;0;1;2;4;59733063
Excel;254405096624;en;2;kisumu.kisumu-central;79;male;Jose Rodriguez;Nyamasaria;0;1;0;1;0;1;3;6;42445506
Excel;254355101405;en;2;turkana;86;male;John Adams;Lodwar;0;0;0;0;1;0;1;3;43275109
Excel;254685292045;en;2;kisumu;43;male;Charles Williams;Nyalenda;0;1;1;0;1;0;3;6;61559717
Excel;254159062251;en;2;turkana.turkana-north;50;female;Sharon Barnes;Nariemet;0;0;0;0;0;0;0;1;31434525
Excel;254810609161;en;2;turkana.turkana-north;64;male;Robert Peck;Nariemet;0;1;1;0;0;1;3;5;51971886
Excel;254296182134;en;2;kisumu.kisumu-east;83;female;Cheryl Moore;Kondele;0;0;1;1;0;0;2;3;79085198
Excel;254147387994;en;2;kisumu;50;female;Julie Koch;Manyatta;0;0;0;0;0;0;0;2;76755908
Excel;254641999472;en;2;kisumu.kisumu-east;75;male;Alexander Landry;Kajulu;0;1;1;0;0;0;2;4;77839607
Excel;254894572779;en;2;turkana;62;female;Joyce Allen;Lokichar;1;1;1;0;0;0;3;6;88295121
Excel;254377118126;en;2;kisumu.kisumu-central;87;female;Heather Williams;Nyamasaria;0;0;0;1;0;0;1;2;76423575
Excel;254817762890;en;2;kisumu.kisumu-central;39;female;Linda Cameron;Nyamasaria;0;0;0;0;1;0;1;4;73161098
Excel;254661788150;en;2;turkana;46;male;Dustin Smith;Lokichar;0;0;0;1;1;0;2;4;24428014
Excel;254261465437;en;2;kisumu.kisumu-central;29;female;Jessica Khan;Nyamasaria;1;0;1;0;1;0;3;4;59093843
Excel;254963554969;en;2;kisumu.kisumu-west;53;female;Pamela Diaz;Otonglo;0;0;1;1;0;0;2;3;63765155
Excel;254564823656;en;2;kisumu.kisumu-east;47;male;Anthony Hoffman;Kajulu;0;0;1;0;1;0;2;4;58657117
Excel;254134910860;en;2;kisumu.kisumu-central;54;male;Juan Jones;Nyamasaria;0;1;0;0;1;0;2;3;77680031
Excel;254698778613;en;2;kisumu;57;female;Joanna Pierce;Nyalenda;0;0;0;0;0;0;0;1;93650068
Excel;254160555136;en;2;kisumu;50;male;Michael Wilson;Obunga;1;0;0;0;0;0;1;3;22976369
Excel;254300706032;en;2;kisumu.kisumu-central;52;female;Jennifer Norton;Nyamasaria;0;1;1;0;1;0;3;4;55511258
Excel;254983811202;en;2;kisumu.kisumu-central;32;female;Kristin Diaz;Nyamasaria;0;0;0;0;0;0;0;3;29363237
Excel;254301691467;en;2;kisumu;18;male;Curtis Hicks;Manyatta;1;1;0;0;0;0;2;3;77119320
Excel;254665497343;en;2;turkana.turkana-north;42;male;Andrew Williams;Nariemet;0;1;0;0;0;1;2;4;54699966
Excel;254282050171;en;2;turkana.turkana-north;28;female;Regina Stone;Nakwamekwi;0;0;0;0;0;0;0;2;29990477
Excel;254821396265;en;2;kisumu.kisumu-east;58;female;Lisa Robertson;Kajulu;0;0;0;1;1;0;2;3;54018830
Excel;254227506432;en;2;kisumu.kisumu-east;23;male;Timothy Flores;Kondele;0;0;1;1;1;0;3;5;62741471
Excel;254539706733;en;2;kisumu;30;male;William Stevenson;Obunga;1;0;0;0;0;1;2;4;50162553
Excel;254871572246;en;2;kisumu;66;female;Linda Romero;Nyalenda;0;0;0;1;0;1;2;4;78412668
Excel;254531213505;en;2;kisumu.kisumu-east;50;male;Joseph Erickson;Kajulu;0;1;0;0;0;0;1;3;50237208
Excel;254746779334;en;2;kisumu;40;male;John Smith;Manyatta;0;0;1;1;1;0;3;6;54458225
Excel;254533606447;en;2;kisumu;60;male;Michael Whitney;Obunga;0;1;1;1;0;1;4;5;88343175
Excel;254591019861;en;2;kisumu.kisumu-east;85;male;Eric Roach;Kajulu;0;0;0;1;0;0;1;3;94457912
Excel;254698043857;en;2;kisumu.kisumu-west;59;male;Alexander Wells;Kisian;1;0;0;0;0;0;1;2;97991930
Excel;254122679525;en;2;kisumu.kisumu-central;81;male;Richard Parsons;Nyamasaria;1;0;0;1;0;0;2;3;87528776
Excel;254254091931;en;2;kisumu.kisumu-east;46;male;Darren Williams;Kajulu;0;0;0;0;1;0;1;4;74484744
Excel;254558765420;en;2;kisumu.kisumu-west;73;male;Christopher Fuller;Otonglo;0;0;0;0;0;0;0;2;93179531
Excel;254496957861;en;2;kisumu.kisumu-east;31;female;Patricia James;Kajulu;1;0;0;0;1;0;2;3;42507072
Excel;254946686517;en;2;kisumu.kisumu-east;28;male;Andre Vaughan;Kajulu;0;1;1;0;0;1;3;4;24749927
Excel;254625281255;en;2;kisumu.kisumu-east;81;female;Cheryl Alexander;Kajulu;0;0;0;1;1;0;2;5;66207740
Excel;254678244052;en;2;turkana;41;female;Brittany Vaughn;Lokichar;1;1;1;0;0;0;3;6;65079923
Excel;254999545324;en;2;kisumu.kisumu-central;60;female;Kathryn Carr;Milimani;1;1;0;0;0;1;3;5;73297813
Excel;254822597001;en;2;kisumu;68;male;Shane Fitzgerald;Obunga;0;1;0;0;0;0;1;4;18359252
Excel;254349480564;en;2;kisumu.kisumu-central;86;male;Michael Stone;Nyamasaria;0;1;0;1;1;1;4;5;85280948
Excel;254781909834;en;2;turkana.turkana-north;42;female;Erika Bates;Nakwamekwi;0;1;1;1;0;0;3;4;80528349
Excel;254578003736;en;2;turkana.turkana-north;77;female;Jamie Frye;Nakwamekwi;1;0;0;0;1;0;2;4;71694994
Excel;254734623900;en;2;kisumu.kisumu-central;62;female;Susan Peterson;Milimani;0;1;0;0;0;0;1;4;57551594
Excel;254302427806;en;2;kisumu.kisumu-west;20;female;Megan Dillon;Otonglo;0;1;1;0;1;1;4;7;96343485
Excel;254255112737;en;2;turkana;48;female;Regina Baker;Lodwar;0;0;1;0;0;0;1;3;74985553
Excel;254326458476;en;2;kisumu.kisumu-central;39;female;Cheryl Wright;Milimani;0;0;1;0;0;0;1;4;84905122
Excel;254756942458;en;2;kisumu.kisumu-west;60;female;Elizabeth David;Kisian;0;0;0;1;1;0;2;3;49945150
Excel;254399363765;en;2;kisumu.kisumu-east;54;male;Ray Bush;Kajulu;1;1;1;0;0;0;3;6;75632882
Excel;254744905828;en;2;kisumu;71;female;Emily Bailey;Manyatta;0;1;0;0;0;0;1;2;46702849
Excel;254209050805;en;2;kisumu.kisumu-central;28;male;Dwayne Berry;Nyamasaria;1;1;1;0;0;1;4;5;82905845
Excel;254215637773;en;2;kisumu.kisumu-west;58;female;Jamie Baird;Otonglo;0;0;0;0;0;0;0;2;56323191
Excel;254119837638;en;2;kisumu.kisumu-central;31;female;Tina Ballard;Nyamasaria;0;1;0;0;0;0;1;2;48983895
Excel;254877695049;en;2;kisumu.kisumu-west;30;female;Amanda Moses;Kisian;1;0;0;0;0;0;1;4;20607151
Excel;254833026426;en;2;kisumu.kisumu-east;46;female;Hannah Ramos;Kondele;0;1;0;0;1;1;3;6;44419327
Excel;254665959283;en;2;kisumu.kisumu-central;25;male;Paul Lewis;Nyamasaria;0;0;0;1;0;1;2;3;82286705
Excel;254898589647;en;2;kisumu.kisumu-west;38;female;Denise Hoffman;Otonglo;0;0;0;0;1;0;1;3;46456416
Excel;254829930037;en;2;kisumu.kisumu-east;71;male;Chad Gilbert;Kajulu;1;1;0;0;0;1;3;6;88763056
Excel;254608433081;en;2;turkana.turkana-north;77;male;David Williams;Nakwamekwi;0;0;0;0;1;0;1;2;81275182
Excel;254386940660;en;2;kisumu.kisumu-west;40;female;Courtney Hall;Kisian;0;0;0;0;0;0;0;1;23448342
Excel;254821209116;en;2;turkana.turkana-north;21;male;Jason Love;Nakwamekwi;0;0;0;0;0;0;0;3;23494908
Excel;254773565595;en;2;turkana;47;male;Michael Taylor;Lokichar;0;0;0;0;0;1;1;4;83867070
Excel;254446757117;en;2;kisumu.kisumu-east;57;male;William Moore;Kajulu;0;1;0;0;0;0;1;4;97629787
Excel;254119421588;en;2;kisumu;54;female;Taylor Johns;Nyalenda;0;0;0;0;0;1;1;3;74082055
Excel;254997291600;en;2;kisumu.kisumu-west;84;female;Marie Avila;Otonglo;1;1;1;1;1;1;6;7;48553376
Excel;254253644231;en;2;turkana;70;female;Erica Brewer;Lodwar;0;0;0;1;0;1;2;4;22007214
Excel;254795609882;en;2;kisumu;90;male;Matthew Hall;Nyalenda;0;0;1;0;1;0;2;4;15006085
Excel;254869525852;en;2;turkana;35;male;Thomas Thompson;Lodwar;1;0;1;1;0;0;3;6;33593960
Excel;254966056580;en;2;kisumu.kisumu-east;76;female;Taylor Johnson;Kondele;1;0;0;0;0;0;1;2;63283709
Excel;254172167305;en;2;turkana;43;female;Rachel Lopez;Lodwar;0;0;0;0;0;0;0;1;48851599
Excel;254615422502;en;2;kisumu.kisumu-east;65;male;Shawn Smith;Kondele;1;0;0;0;0;0;1;4;86230551
Excel;254389428687;en;2;kisumu;55;male;Lance Hebert;Obunga;0;1;0;0;1;0;2;5;54968591
Excel;254283520829;en;2;kisumu;83;female;Dominique Hays;Manyatta;0;1;0;0;0;0;1;4;82920556
Excel;254183368377;en;2;kisumu.kisumu-central;87;female;Kelly Small;Nyamasaria;0;1;0;0;1;1;3;6;28012011
Excel;254891882763;en;2;kisumu.kisumu-west;54;male;Samuel Mcdonald;Otonglo;1;0;0;0;1;0;2;4;35878707
Excel;254200735710;en;2;kisumu;81;male;Robert Rivera;Obunga;1;0;1;0;0;1;3;6;71594457
Excel;254558815861;en;2;kisumu.kisumu-west;32;male;Matthew Higgins;Kisian;0;0;0;0;0;0;0;1;11890348
Excel;254256739853;en;2;turkana.turkana-north;64;female;Nancy Gibbs;Nariemet;0;1;1;0;1;1;4;7;86206305
Excel;254396609136;en;2;kisumu;46;female;Megan Lee;Nyalenda;0;1;1;0;1;0;3;6;92000924
Excel;254128859721;en;2;kisumu;29;male;Scott Prince;Manyatta;0;1;0;0;1;0;2;5;67405358
Excel;254948501452;en;2;kisumu.kisumu-central;68;male;Jose Miller;Nyamasaria;0;0;0;0;1;1;2;3;99826000
Excel;254193711621;en;2;turkana;53;male;Brandon Holden;Kakuma;0;1;1;0;0;0;2;3;74082804
Excel;254422994465;en;2;turkana;64;female;Erica Wright;Lodwar;0;0;0;1;0;0;1;3;45002007
Excel;254206997661;en;2;kisumu;18;female;Janet Griffin;Manyatta;0;0;0;0;1;1;2;3;45835371
Excel;254534422638;en;2;kisumu.kisumu-west;68;female;Tiffany Turner;Otonglo;0;0;0;1;1;1;3;6;86890296
Excel;254764398115;en;2;kisumu;56;female;Alexandra Valdez;Nyalenda;1;0;0;1;0;0;2;5;41715995
Excel;254400766001;en;2;turkana;88;female;Amy Wilson;Lodwar;0;1;0;0;0;0;1;4;51178850
Excel;254659193329;en;2;kisumu.kisumu-west;87;male;Christopher Parks;Otonglo;0;0;1;0;0;0;1;3;51738753
Excel;254209281523;en;2;kisumu.kisumu-east;35;male;Michael Fowler;Kondele;0;1;0;0;1;0;2;5;49599276
Excel;254470035328;en;2;kisumu.kisumu-east;57;male;Jacob Walker;Kajulu;0;0;1;0;1;1;3;5;27927298
Excel;254932949729;en;2;turkana;69;male;John Gibson;Lodwar;0;1;1;0;0;1;3;4;91300905
Excel;254302026530;en;2;kisumu.kisumu-central;76;male;James Miles;Nyamasaria;1;0;0;0;0;0;1;3;73193474
Excel;254822787070;en;2;turkana;73;female;Nicole Pham;Lodwar;1;0;0;0;1;0;2;5;39314711
Excel;254819281659;en;2;turkana.turkana-north;36;male;Philip Becker;Nariemet;1;1;0;0;0;1;3;5;89968863
Excel;254319763893;en;2;kisumu.kisumu-west;53;female;Shelley Miller;Otonglo;1;0;1;0;0;0;2;3;69961498
Excel;254687132775;en;2;kisumu;38;male;Joseph Cox;Manyatta;0;1;0;1;1;1;4;7;85721444
Excel;254153279090;en;2;turkana.turkana-north;18;female;Ashley Poole;Nariemet;0;1;0;0;0;0;1;3;77845324
Excel;254269644836;en;2;turkana;59;female;Christina Herrera;Lokichar;1;0;1;1;1;1;5;7;32083803
Excel;254462529798;en;2;turkana.turkana-north;83;female;Erin Meyer;Nariemet;0;0;0;0;1;0;1;2;25601471
Excel;254539436658;en;2;kisumu.kisumu-west;90;male;Michael Love;Otonglo;0;0;0;0;0;1;1;3;75609379
Excel;254966449945;en;2;kisumu;29;male;Brandon Dixon;Obunga;0;0;0;0;0;0;0;2;17467311
Excel;254836927034;en;2;turkana;39;female;Jody Palmer;Lodwar;1;1;0;0;1;0;3;5;71310453
Excel;254686194874;en;2;kisumu;70;male;Justin Hansen;Obunga;0;1;0;1;1;0;3;5;51361818
Excel;254335935125;en;2;kisumu.kisumu-east;64;male;Nathaniel Foster;Kajulu;0;1;0;0;0;0;1;2;10404729
Excel;254905850605;en;2;kisumu;61;male;Patrick Lane;Nyalenda;1;0;1;0;0;0;2;4;16078694
Excel;254386114892;en;2;kisumu.kisumu-east;88;male;Jeff Graves;Kajulu;0;1;0;0;0;0;1;2;82633735
Excel;254783864858;en;2;kisumu;23;female;Wendy Michael;Obunga;0;0;0;0;0;0;0;2;19263592
Excel;254502577248;en;2;turkana;24;female;Victoria Kennedy;Kakuma;1;0;0;1;1;1;4;5;48532662
Excel;254982227252;en;2;turkana;40;female;Jennifer Mack;Lokichar;0;1;0;1;0;0;2;5;96104027
Excel;254515097450;en;2;turkana;71;female;Veronica Brewer;Kakuma;0;0;0;1;0;0;1;2;66420024
Excel;254582681945;en;2;kisumu;85;male;James Vance;Manyatta;0;0;0;0;1;0;1;4;70201634
Excel;254444982639;en;2;kisumu.kisumu-east;80;female;Sheila Knox;Kondele;0;0;0;0;0;0;0;1;60418290
Excel;254336016038;en;2;turkana.turkana-north;67;female;Angela Brandt;Nariemet;0;1;0;1;1;0;3;4;82383656
Excel;254374603487;en;2;kisumu;44;male;Casey Dalton;Nyalenda;0;0;0;0;0;0;0;3;25922674
Excel;254629435793;en;2;kisumu.kisumu-east;64;male;Christopher Medina;Kajulu;1;1;0;0;0;0;2;4;80980044
Excel;254203153311;en;2;turkana.turkana-north;34;female;Bethany Irwin;Nakwamekwi;0;1;0;0;0;0;1;2;10466177
Excel;254113284087;en;2;turkana.turkana-north;72;female;Nicole Good;Nakwamekwi;0;1;0;0;1;1;3;6;72143331
Excel;254333980936;en;2;kisumu.kisumu-central;25;female;Megan Stephens;Milimani;0;1;1;0;0;1;3;5;81394920
Excel;254701194027;en;2;turkana.turkana-north;49;male;James Hall;Nakwamekwi;0;0;0;0;1;0;1;3;71824078
Excel;254629641530;en;2;kisumu.kisumu-central;83;female;Hannah Hill;Milimani;0;1;0;1;1;0;3;4;25145751
Excel;254995011063;en;2;kisumu;21;male;Andrew Keller;Nyalenda;0;0;1;1;0;0;2;5;92533595
Excel;254619705179;en;2;turkana.turkana-north;21;male;Ralph Stephenson;Nariemet;0;1;1;0;0;0;2;3;12099943
Excel;254601381102;en;2;kisumu;68;male;David Jones;Manyatta;1;1;0;0;0;1;3;4;89717834
Excel;254800547886;en;2;kisumu.kisumu-east;79;male;Andrew Harper;Kondele;0;1;0;0;0;0;1;4;16533225
Excel;254370746906;en;2;kisumu.kisumu-central;40;female;Dana Williams;Milimani;0;0;0;1;1;0;2;3;68916591
Excel;254427004182;en;2;turkana.turkana-north;34;male;David Robinson;Nakwamekwi;0;0;0;0;0;1;1;4;17575790
Excel;254855984475;en;2;turkana.turkana-north;43;female;Brenda Holder;Nariemet;1;0;0;0;0;0;1;4;41428626
Excel;254433905946;en;2;kisumu.kisumu-central;37;female;Robyn Dennis;Milimani;0;0;1;0;1;1;3;4;52802529
Excel;254701909947;en;2;kisumu.kisumu-west;32;male;Kenneth Barton;Otonglo;0;0;0;0;0;0;0;1;53038943
Excel;254443348875;en;2;turkana;66;male;David Walter;Lokichar;0;0;0;0;1;0;1;2;98612211
Excel;254230236105;en;2;turkana;73;female;Kelly Gutierrez;Lodwar;0;0;0;1;1;0;2;5;46930534
Excel;254623712443;en;2;kisumu.kisumu-central;89;female;Amy Fry;Milimani;0;0;0;0;0;0;0;2;33505978
Excel;254873213142;en;2;kisumu.kisumu-east;60;female;Lori Simmons;Kajulu;0;0;0;0;1;0;1;2;76521096
Excel;254528668762;en;2;turkana.turkana-north;49;female;Amber Cooper;Nariemet;1;0;0;1;0;0;2;5;96344420
Excel;254876689497;en;2;kisumu.kisumu-east;20;male;Michael Floyd;Kajulu;0;0;1;0;1;0;2;3;52779814
Excel;254542741719;en;2;kisumu.kisumu-central;40;female;Melissa Russell;Milimani;1;0;0;0;0;0;1;2;50250352
Excel;254439082675;en;2;turkana;63;male;James Webster;Kakuma;0;0;0;0;0;0;0;1;73554620
Excel;254186588202;en;2;turkana;18;male;David Perez;Lokichar;0;1;0;0;1;0;2;3;29374563
Excel;254830265986;en;2;kisumu.kisumu-west;59;female;Renee Melendez;Otonglo;1;0;0;1;0;1;3;5;85482164
Excel;254615052667;en;2;kisumu.kisumu-central;31;male;Jason Butler;Nyamasaria;0;0;0;0;1;0;1;2;81134297
Excel;254433753233;en;2;kisumu.kisumu-central;87;male;Cesar Sanchez;Nyamasaria;1;0;0;0;1;0;2;3;37291394
Excel;254270803032;en;2;turkana;21;female;Erin Miller;Lokichar;0;0;0;1;0;1;2;3;70369365
Excel;254331883860;en;2;kisumu;76;female;Sarah Davis;Obunga;0;0;0;1;0;0;1;4;35566010
Excel;254352405419;en;2;turkana.turkana-north;41;female;Amber Bennett;Nakwamekwi;0;0;0;1;0;1;2;4;91197624
Excel;254564758547;en;2;kisumu.kisumu-central;90;female;Lindsey Russo;Nyamasaria;0;0;0;0;1;0;1;3;35254849
Excel;254464918048;en;2;kisumu;30;female;Regina Matthews;Nyalenda;1;1;0;0;1;1;4;7;85007641
Excel;254417637998;en;2;kisumu;20;female;Claire Clark;Nyalenda;1;0;0;0;0;0;1;2;54689713
Excel;254763202342;en;2;turkana;70;male;Eric Stout;Lokichar;1;0;0;0;0;0;1;4;38428357
Excel;254702310410;en;2;kisumu;65;male;Timothy Hayden;Obunga;0;0;1;0;0;1;2;3;25745913
Excel;254347959128;en;2;turkana.turkana-north;75;male;Paul Webster;Nariemet;0;1;0;0;0;0;1;2;42560305
Excel;254353043635;en;2;kisumu.kisumu-west;29;female;Melissa Padilla;Otonglo;1;1;0;0;0;1;3;4;63235053
Excel;254730304041;en;2;kisumu.kisumu-central;39;female;Suzanne Arnold;Milimani;1;1;0;1;0;0;3;6;47991562
Excel;254200722960;en;2;turkana;21;male;James Ferguson;Lodwar;1;1;0;1;0;0;3;5;58219001
Excel;254190452365;en;2;kisumu.kisumu-central;48;female;Elizabeth Ward;Milimani;1;0;0;0;0;1;2;4;76743428
Excel;254504913072;en;2;kisumu;71;female;Julie Lang;Nyalenda;0;0;1;0;1;1;3;5;73013937
Excel;254192445766;en;2;kisumu.kisumu-central;26;male;Philip Flores;Milimani;1;1;1;1;0;0;4;6;37263310
Excel;254130673459;en;2;kisumu.kisumu-east;38;female;Jacqueline Gutierrez;Kajulu;0;1;0;1;1;0;3;4;85500790
Excel;254896168052;en;2;turkana.turkana-north;40;male;Sean Figueroa;Nariemet;0;0;1;0;1;1;3;6;12176998
Excel;254728561645;en;2;turkana;48;male;Dean Donovan;Lodwar;0;0;0;1;1;0;2;3;87731247
Excel;254280980701;en;2;kisumu;20;male;Nathan Phillips;Obunga;0;0;1;0;0;0;1;2;36332415
Excel;254780831171;en;2;turkana.turkana-north;58;female;Erin James;Nariemet;0;1;1;1;0;0;3;4;42981324
Excel;254988293146;en;2;turkana;85;female;Kathryn Pena;Lodwar;0;1;0;1;1;1;4;6;55307111
Excel;254185824903;en;2;kisumu.kisumu-east;53;male;David Underwood;Kondele;1;0;0;1;0;0;2;4;96126771
Excel;254418379199;en;2;kisumu.kisumu-east;84;male;Patrick Murray;Kajulu;0;0;1;0;0;0;1;3;57268285
Excel;254272978831;en;2;turkana.turkana-north;87;female;Caroline Cortez;Nakwamekwi;0;0;0;1;0;1;2;4;75540707
Excel;254460247575;en;2;kisumu.kisumu-central;56;male;Clinton Preston;Nyamasaria;0;1;1;1;0;0;3;5;96142207
Excel;254963194532;en;2;turkana.turkana-north;52;male;Tyler Warren;Nakwamekwi;0;0;1;0;0;1;2;3;19976458
Excel;254236672534;en;2;kisumu.kisumu-west;26;female;Theresa Barnett;Otonglo;0;0;1;1;0;1;3;4;10856822
Excel;254184209444;en;2;kisumu.kisumu-central;88;male;Jason Kirby;Nyamasaria;0;0;0;0;0;0;0;3;41062464
Excel;254395094866;en;2;kisumu.kisumu-west;51;male;Barry Hernandez;Otonglo;1;0;0;0;0;0;1;4;39356057
Excel;254217677987;en;2;kisumu;51;male;Jonathan Brooks;Manyatta;1;0;0;1;1;0;3;4;92924441
Excel;254610497644;en;2;turkana;25;male;Mark Peck;Lokichar;0;0;0;0;0;0;0;1;74854563
Excel;254399475109;en;2;turkana;54;female;Mary Smith;Lokichar;0;1;0;0;0;0;1;3;81432350
Excel;254842560397;en;2;kisumu;23;male;Juan Smith;Nyalenda;1;0;1;0;1;1;4;7;81057233
Excel;254707347009;en;2;turkana;31;male;Nathan Nichols;Kakuma;0;1;0;0;1;0;2;5;48478684
Excel;254540230825;en;2;kisumu.kisumu-east;20;male;Alan Li;Kondele;1;0;1;1;1;0;4;7;67790557
Excel;254842307452;en;2;turkana.turkana-north;25;male;Robert Browning;Nariemet;0;0;0;0;0;1;1;2;24363501
Excel;254667938463;en;2;kisumu.kisumu-west;43;female;Tamara Warren;Kisian;0;1;1;0;0;0;2;5;42342289
Excel;254980046089;en;2;turkana.turkana-north;18;female;Cheryl Fox;Nakwamekwi;0;0;0;0;0;0;0;3;57572279
Excel;254204814605;en;2;kisumu.kisumu-east;19;male;Derek Sanders;Kondele;0;0;1;0;0;0;1;2;60070135
Excel;254185347497;en;2;kisumu;52;male;Tyler Stevens;Obunga;0;0;0;1;0;0;1;4;42642810
Excel;254386596858;en;2;turkana.turkana-north;74;male;William Perez;Nariemet;0;0;1;0;0;1;2;4;20820219
Excel;254684626938;en;2;turkana;74;male;Matthew Garrison;Kakuma;1;0;0;1;1;0;3;6;14252622
Excel;254491861086;en;2;kisumu;70;male;Brandon Gray;Nyalenda;0;0;0;0;0;0;0;3;84182331
Excel;254308353058;en;2;kisumu.kisumu-east;89;female;Karen Walsh;Kajulu;0;0;0;0;0;0;0;2;33002714
Excel;254639624031;en;2;turkana.turkana-north;29;male;Bradley Bruce;Nariemet;0;0;1;1;0;0;2;4;96557984
Excel;254802108804;en;2;turkana;90;male;Richard Knight;Kakuma;0;1;1;0;0;0;2;4;22799248
Excel;254781033709;en;2;turkana.turkana-north;18;male;Steven Ellison;Nakwamekwi;0;1;0;0;0;0;1;4;40838737
Excel;254960694514;en;2;turkana;57;male;Daniel Parrish;Lokichar;0;0;1;0;0;1;2;5;86072480
Excel;254688414423;en;2;turkana;18;female;Karen Williams;Lodwar;0;1;0;1;1;0;3;6;19978827
Excel;254464363998;en;2;kisumu.kisumu-west;51;male;Michael Ramirez;Kisian;0;0;0;1;0;1;2;3;85633013
Excel;254816284282;en;2;kisumu;39;female;Mary White;Obunga;0;0;1;0;0;0;1;2;52209421
Excel;254701474175;en;2;kisumu.kisumu-central;27;female;Alexis Clark;Nyamasaria;0;1;0;0;0;0;1;4;29353063
Excel;254674224567;en;2;turkana;79;female;Nicole Marquez;Lodwar;0;0;1;0;0;1;2;3;63458386
Excel;254929296269;en;2;kisumu;33;male;Timothy Evans;Obunga;0;0;0;0;0;0;0;3;85693188
Excel;254175717926;en;2;kisumu.kisumu-central;29;male;David Davenport;Nyamasaria;0;1;0;1;0;0;2;3;62231715
Excel;254680529744;en;2;kisumu.kisumu-west;90;female;Megan Fernandez;Kisian;0;0;0;1;0;1;2;4;61518966
Excel;254911886772;en;2;kisumu.kisumu-east;49;male;Perry Taylor;Kajulu;1;1;0;0;1;0;3;4;20526386
Excel;254513691155;en;2;turkana.turkana-north;86;female;Kathryn Mccann;Nakwamekwi;1;0;0;0;0;0;1;2;17207013
Excel;254330056156;en;2;kisumu.kisumu-east;51;female;Anne Hall;Kajulu;0;1;0;0;1;0;2;4;20202996
Excel;254147802391;en;2;kisumu.kisumu-west;44;male;Gilbert Mack;Otonglo;1;1;0;0;0;1;3;6;89941241
Excel;254543072639;en;2;kisumu.kisumu-east;37;female;Jennifer Ayala;Kondele;0;0;0;1;0;0;1;4;13976288
Excel;254617032434;en;2;turkana;89;female;Madison Bowers;Lokichar;0;0;0;0;0;1;1;3;70471823
Excel;254533798021;en;2;turkana.turkana-north;51;female;Katherine Kelly;Nakwamekwi;0;0;0;1;1;0;2;4;60388958
Excel;254300859827;en;2;kisumu.kisumu-central;43;female;Jessica Frazier;Nyamasaria;0;0;0;1;1;1;3;4;98673882
Excel;254979719262;en;2;kisumu.kisumu-central;53;female;Jamie Barton;Nyamasaria;0;1;1;1;1;1;5;7;49645162
Excel;254673812322;en;2;kisumu.kisumu-central;18;female;Rebecca Marquez;Nyamasaria;0;0;0;0;0;1;1;3;21010955
Excel;254253194381;en;2;turkana;61;female;Debra James;Lodwar;0;0;1;0;1;0;2;5;95080736
Excel;254576952672;en;2;kisumu.kisumu-east;24;female;Brittany Price;Kondele;0;0;1;0;0;0;1;3;58412365
Excel;254552870724;en;2;turkana.turkana-north;77;female;Ashley Smith;Nariemet;1;0;1;1;0;0;3;4;51374957
Excel;254386442354;en;2;kisumu.kisumu-central;56;female;Jill Juarez;Nyamasaria;1;0;1;1;0;0;3;6;23721268
Excel;254254325367;en;2;turkana;73;male;Casey Lopez;Lokichar;0;0;0;1;0;1;2;3;70242778
Excel;254779421093;en;2;kisumu;78;male;Justin Hunt;Manyatta;0;0;1;1;0;0;2;4;23863742
Excel;254348919722;en;2;kisumu;30;male;Alexander Gomez;Obunga;0;0;0;0;0;0;0;3;22490873
Excel;254658060940;en;2;kisumu.kisumu-east;60;female;Linda Mueller;Kondele;1;1;0;0;1;0;3;4;61705758
Excel;254557926009;en;2;kisumu.kisumu-central;34;female;Alexandria Gutierrez;Nyamasaria;1;1;0;1;0;0;3;5;21368176
Excel;254813476281;en;2;kisumu.kisumu-west;73;female;Misty Hansen;Otonglo;0;0;1;1;0;0;2;3;42580349
Excel;254413628137;en;2;turkana.turkana-north;42;male;Kenneth Jackson;Nakwamekwi;0;0;0;1;0;0;1;4;61100987
Excel;254778701678;en;2;kisumu.kisumu-east;66;female;Caroline Adams;Kajulu;0;1;1;0;0;1;3;6;46024950
Excel;254118892624;en;2;turkana.turkana-north;20;female;Katherine Brown;Nakwamekwi;0;0;0;0;0;0;0;3;68341261
Excel;254289371240;en;2;kisumu.kisumu-west;87;female;Desiree Evans;Kisian;0;0;0;0;0;1;1;3;20324210
Excel;254271547622;en;2;turkana.turkana-north;52;female;Heather Raymond;Nariemet;0;0;0;0;0;0;0;1;93890601
Excel;254561270124;en;2;kisumu.kisumu-west;41;male;Jon Jensen;Kisian;1;1;0;0;0;1;3;6;71453148
Excel;254454673020;en;2;turkana;33;female;Ashley Torres;Lokichar;0;0;0;1;0;0;1;2;63108878
Excel;254524305899;en;2;turkana.turkana-north;81;female;Evelyn Oliver;Nakwamekwi;0;0;1;0;0;0;1;3;54230340
Excel;254905040485;en;2;kisumu.kisumu-central;37;male;Jeremiah Jordan;Nyamasaria;0;0;0;1;0;1;2;3;97380687
Excel;254404878812;en;2;turkana;32;male;William Taylor;Lodwar;0;0;0;1;0;0;1;2;53038948
Excel;254477794032;en;2;turkana;68;female;Lindsey Dominguez;Kakuma;1;0;1;0;1;0;3;5;74291599
Excel;254842327131;en;2;kisumu.kisumu-east;42;female;Emily Oconnell;Kajulu;1;0;0;0;0;0;1;3;52833932
Excel;254397585049;en;2;turkana;31;female;Doris Neal;Kakuma;1;0;0;0;1;0;2;4;75901885
Excel;254779981011;en;2;turkana;34;female;Tracy Casey;Lokichar;0;0;0;0;1;1;2;5;53739710
Excel;254273178998;en;2;kisumu.kisumu-east;73;female;Jamie Velasquez;Kajulu;1;0;0;0;0;1;2;5;62738860
Excel;254791397632;en;2;turkana.turkana-north;54;male;Jacob Frederick;Nakwamekwi;0;1;0;0;1;0;2;4;36816708
Excel;254299162681;en;2;turkana;76;male;Kevin Gardner;Kakuma;1;1;1;0;1;0;4;5;83833059
Excel;254787299856;en;2;kisumu.kisumu-central;45;female;Alyssa Acosta;Nyamasaria;0;0;0;1;0;0;1;3;38138531
Excel;254459463862;en;2;kisumu.kisumu-east;26;male;Jeffrey Carter;Kajulu;0;0;0;1;0;0;1;4;19282319
Excel;254932872727;en;2;kisumu.kisumu-west;89;female;Sabrina Flynn;Kisian;0;0;0;1;0;0;1;3;64914054
Excel;254742054071;en;2;turkana;63;male;Michael Taylor;Lodwar;1;0;0;1;0;0;2;4;50645509
Excel;254934917393;en;2;turkana.turkana-north;55;male;David Hopkins;Nakwamekwi;0;0;0;0;0;0;0;1;66791272
Excel;254926086443;en;2;kisumu.kisumu-east;38;male;Richard Jones;Kajulu;0;0;0;1;0;0;1;4;90253323
Excel;254543818176;en;2;kisumu.kisumu-east;39;female;Karen Morales;Kajulu;0;0;1;1;0;1;3;6;77996397
Excel;254256567837;en;2;kisumu.kisumu-east;71;female;Tammy Kane;Kondele;1;0;0;0;1;0;2;4;66143368
Excel;254217565568;en;2;kisumu.kisumu-east;35;male;Joshua Gibbs;Kondele;0;0;1;1;1;0;3;6;58255231
Excel;254918847441;en;2;kisumu.kisumu-central;55;female;Meredith Burnett;Nyamasaria;0;1;0;0;1;0;2;3;89701163
Excel;254704149714;en;2;kisumu.kisumu-central;84;female;Margaret Miller;Nyamasaria;0;1;0;0;0;0;1;3;43316996
Excel;254380567013;en;2;kisumu.kisumu-central;58;male;Matthew Kelly;Nyamasaria;0;0;0;0;1;0;1;4;96838849
Excel;254857830780;en;2;kisumu.kisumu-central;79;female;Lisa Hart;Nyamasaria;0;1;0;0;0;0;1;4;96574622
Excel;254655174483;en;2;kisumu.kisumu-central;34;female;Megan Ross;Nyamasaria;1;0;0;0;0;1;2;5;54506155
Excel;254813393240;en;2;turkana.turkana-north;54;male;Vincent Jordan;Nariemet;0;1;0;0;0;1;2;4;11415698
Excel;254266368662;en;2;kisumu.kisumu-central;70;male;Brett Walker;Nyamasaria;0;0;0;1;1;1;3;4;79631857
Excel;254123772925;en;2;kisumu.kisumu-west;53;female;Kristin Watts;Otonglo;0;1;1;0;0;0;2;5;39666377
Excel;254341594694;en;2;kisumu;71;female;Jill Myers;Nyalenda;1;1;0;0;0;0;2;5;88999206
Excel;254651165754;en;2;kisumu.kisumu-central;35;male;Michael Hernandez;Milimani;1;0;1;0;1;0;3;6;13296743
Excel;254735814745;en;2;kisumu.kisumu-east;58;male;John Phillips;Kondele;1;0;0;0;0;0;1;3;21523236
Excel;254379122356;en;2;kisumu;60;male;Brian Shepard;Manyatta;0;0;0;1;0;0;1;3;29015320
Excel;254559641957;en;2;kisumu.kisumu-east;66;female;Hannah Cooper;Kondele;1;0;0;1;1;0;3;6;37765262
Excel;254584327462;en;2;kisumu.kisumu-east;39;female;Kelly Bailey;Kondele;0;1;0;0;1;1;3;5;23102741
Excel;254258719608;en;2;kisumu.kisumu-west;56;female;Jessica Horton;Kisian;0;1;1;1;0;0;3;5;52803305
Excel;254163978445;en;2;turkana.turkana-north;49;female;Andrea Williams;Nakwamekwi;0;0;0;0;0;1;1;2;25446483
Excel;254964678848;en;2;kisumu.kisumu-west;89;male;Alexander Cooper;Kisian;0;0;1;1;0;1;3;6;24678410
Excel;254235808209;en;2;turkana;46;male;Michael Martin;Lodwar;0;0;0;0;0;0;0;1;42737441
Excel;254495984186;en;2;kisumu.kisumu-east;75;female;Kelli Arnold;Kondele;1;0;0;0;0;0;1;2;54424679
Excel;254718493576;en;2;kisumu.kisumu-central;81;female;Kristin Mullen;Nyamasaria;0;0;0;0;0;1;1;2;41119124
Excel;254517879469;en;2;kisumu.kisumu-central;22;male;Robert Soto;Milimani;0;0;0;0;1;0;1;3;35016429
Excel;254255602291;en;2;kisumu.kisumu-west;36;male;Martin Reynolds;Kisian;1;0;0;0;1;1;3;5;13918120
Excel;254716884543;en;2;turkana.turkana-north;54;male;Omar Ware;Nariemet;0;0;1;0;0;0;1;4;70340936
Excel;254530596585;en;2;kisumu.kisumu-west;47;female;Leslie Price;Otonglo;0;0;0;1;0;0;1;4;38829445
Excel;254310622288;en;2;kisumu;83;female;Christine Goodwin;Obunga;0;1;0;1;0;0;2;3;18397164
Excel;254337020424;en;2;kisumu;70;female;Laura Lloyd;Manyatta;0;0;0;0;0;0;0;1;82060023
Excel;254140904768;en;2;kisumu.kisumu-central;32;female;Chelsea Nguyen;Nyamasaria;1;1;0;1;1;0;4;7;71411378
Excel;254689484674;en;2;kisumu;62;female;Ashley Lambert;Manyatta;0;1;0;0;0;0;1;4;75697427
Excel;254693827037;en;2;kisumu.kisumu-west;88;female;Kelsey Fowler;Kisian;0;0;1;1;0;1;3;4;90124068
Excel;254885091188;en;2;turkana;69;female;Jasmine Long;Lodwar;0;0;1;0;1;1;3;5;25331969
Excel;254179490164;en;2;turkana.turkana-north;43;female;Hannah Bruce;Nakwamekwi;1;1;1;1;0;0;4;6;92861016
Excel;254702432795;en;2;kisumu.kisumu-west;57;female;Carrie Nunez;Otonglo;1;1;0;1;0;0;3;4;49922369
Excel;254374110599;en;2;turkana;61;female;Tamara Lawrence;Kakuma;0;1;0;1;0;0;2;4;27978165
Excel;254533727731;en;2;kisumu.kisumu-east;86;male;Erik Allen;Kajulu;0;0;1;1;0;0;2;4;25696616
Excel;254760280138;en;2;kisumu.kisumu-west;45;female;Catherine Steele;Otonglo;1;1;0;1;0;0;3;5;78561753
Excel;254202531757;en;2;kisumu.kisumu-east;21;male;James Carlson;Kondele;0;0;0;0;0;1;1;2;87149161
Excel;254599922286;en;2;kisumu.kisumu-east;68;male;James Lopez;Kondele;0;1;1;1;1;0;4;6;95295586
Excel;254157574562;en;2;kisumu.kisumu-central;86;female;Kimberly Ellison;Milimani;1;0;1;1;0;1;4;6;33251181
Excel;254439111105;en;2;kisumu;30;female;Kristen Burns;Manyatta;0;0;1;1;1;1;4;5;28830282
Excel;254162089892;en;2;kisumu;90;male;Cody Wilkinson;Obunga;1;0;0;0;1;0;2;3;93135800
Excel;254180412265;en;2;turkana;28;male;Anthony Howard;Kakuma;0;0;0;0;0;1;1;4;11286267
Excel;254975487820;en;2;turkana.turkana-north;38;female;Kari Lee;Nariemet;0;0;1;0;0;1;2;3;61532114
Excel;254733651697;en;2;kisumu.kisumu-west;87;male;Victor Wagner;Otonglo;0;0;1;0;0;1;2;4;76433728
Excel;254926183071;en;2;turkana;22;female;Jennifer Vasquez;Kakuma;0;0;0;0;1;0;1;4;69572772
Excel;254955627431;en;2;kisumu;64;female;Katherine Miller;Nyalenda;0;1;0;0;0;0;1;3;14142053
Excel;254906089942;en;2;kisumu.kisumu-central;34;female;Rebecca Walker;Nyamasaria;0;1;0;0;0;1;2;5;14388260
Excel;254509187658;en;2;kisumu.kisumu-central;53;female;Denise Medina;Nyamasaria;1;0;0;0;0;1;2;5;32576626
Excel;254997685655;en;2;kisumu.kisumu-central;48;male;Richard Cunningham;Nyamasaria;1;1;0;0;1;0;3;6;76479831
Excel;254285367027;en;2;kisumu;52;female;Krista Wilson;Manyatta;0;1;1;0;0;0;2;5;25328557
Excel;254726111575;en;2;turkana;66;male;Derek Daniels;Kakuma;0;0;0;0;0;0;0;1;59239353
Excel;254883739703;en;2;kisumu.kisumu-central;18;male;Joshua Sherman;Nyamasaria;0;1;0;0;0;1;2;3;69239219
Excel;254931499209;en;2;kisumu.kisumu-central;29;female;Kimberly Fritz;Milimani;0;0;0;0;0;1;1;3;23746101
Excel;254930825888;en;2;kisumu;44;female;Nancy Valdez;Nyalenda;0;1;1;0;1;1;4;7;43223132
Excel;254697827363;en;2;kisumu.kisumu-east;62;male;Edward Kidd;Kondele;1;1;0;0;0;0;2;5;70362053
Excel;254765217057;en;2;kisumu.kisumu-east;86;female;Deborah Atkins;Kondele;0;0;0;1;1;1;3;6;21674661
Excel;254738052320;en;2;turkana.turkana-north;23;female;Jessica Mcknight;Nariemet;0;0;0;0;0;1;1;4;41802361
Excel;254297024222;en;2;turkana;78;female;Christine Rojas;Lodwar;0;0;0;0;0;0;0;2;57060874
Excel;254746279183;en;2;turkana.turkana-north;25;female;Shannon Bishop;Nakwamekwi;0;0;1;0;0;0;1;3;67467610
Excel;254589875845;en;2;kisumu.kisumu-west;49;female;Carol Taylor;Otonglo;0;1;1;1;0;1;4;6;37732020
Excel;254860929641;en;2;kisumu.kisumu-east;75;male;Robert Trujillo;Kajulu;0;0;1;1;1;0;3;5;86514083
Excel;254319346391;en;2;kisumu;40;female;Heather Campbell;Nyalenda;0;0;1;0;0;1;2;5;82312290
Excel;254641820400;en;2;kisumu;65;male;Christopher Werner;Manyatta;0;0;1;0;1;0;2;4;49276764
Excel;254178179597;en;2;turkana.turkana-north;39;female;Donna Adams;Nakwamekwi;0;0;1;1;0;0;2;3;79043610
Excel;254860805172;en;2;kisumu;64;male;William Shelton;Manyatta;0;0;1;0;0;0;1;3;22780905
Excel;254175239192;en;2;kisumu;82;female;Brandy Brady;Nyalenda;0;1;1;0;0;0;2;3;65243509
Excel;254651435847;en;2;turkana;35;male;Thomas Riddle;Lodwar;0;1;1;0;0;0;2;4;98032908
Excel;254348734045;en;2;kisumu.kisumu-west;36;female;Beth Cline;Otonglo;0;0;0;0;0;0;0;2;43511112
Excel;254178292050;en;2;kisumu.kisumu-west;26;female;Brianna Morris;Kisian;0;0;0;1;0;0;1;3;43226234
Excel;254205908927;en;2;kisumu.kisumu-west;30;female;Pam Lowe;Kisian;0;0;0;1;0;0;1;4;75694038
Excel;254400362399;en;2;kisumu.kisumu-central;32;male;Charles Chen;Nyamasaria;0;0;0;1;1;1;3;4;94263610
Excel;254811908433;en;2;kisumu.kisumu-west;64;female;Jennifer Hayes;Kisian;0;0;0;1;0;0;1;4;95044078
Excel;254883837049;en;2;kisumu.kisumu-west;55;male;Robert Mack;Otonglo;0;0;0;0;0;0;0;2;64069715
Excel;254304263427;en;2;turkana;68;male;Jose Ramirez;Lokichar;0;1;0;1;1;0;3;5;59535894
Excel;254211997469;en;2;turkana.turkana-north;51;female;Jordan Freeman;Nariemet;1;1;0;0;1;0;3;6;88108751
Excel;254407486010;en;2;kisumu;39;male;Aaron Schroeder;Nyalenda;0;0;0;1;0;0;1;4;22501261
Excel;254917591646;en;2;turkana;19;female;Monica Ellis;Kakuma;0;1;1;0;0;0;2;5;99139874
Excel;254868191695;en;2;kisumu.kisumu-west;39;female;Melissa Horn;Otonglo;0;0;0;1;0;1;2;5;81729237
Excel;254754611188;en;2;turkana.turkana-north;81;male;James Donaldson;Nakwamekwi;1;0;0;0;0;0;1;3;38434222
Excel;254248666553;en;2;turkana.turkana-north;39;female;Kathleen Morris;Nakwamekwi;0;1;0;0;0;0;1;3;48063218
Excel;254768074905;en;2;kisumu;21;female;Gail Lane;Obunga;0;1;0;1;1;0;3;5;85986307
Excel;254386978975;en;2;kisumu.kisumu-central;27;male;Samuel Kramer;Nyamasaria;1;1;1;1;0;0;4;6;16497381
Excel;254843512703;en;2;kisumu.kisumu-west;89;female;Amber Sims;Otonglo;0;1;0;0;0;1;2;3;71684020
Excel;254302894261;en;2;kisumu.kisumu-east;72;male;Alan Noble;Kajulu;1;1;0;0;0;0;2;4;31204188
Excel;254763226117;en;2;kisumu.kisumu-central;32;male;Jeremy Smith;Nyamasaria;1;0;0;0;0;0;1;2;67418250
Excel;254808655810;en;2;kisumu.kisumu-east;84;male;Dale Barker;Kajulu;0;0;0;0;1;0;1;2;27705074
Excel;254240118481;en;2;kisumu;67;female;Sonia Turner;Manyatta;0;0;0;0;0;0;0;2;46778269
Excel;254824945258;en;2;kisumu.kisumu-west;22;female;Anna Ward;Kisian;1;0;0;0;0;0;1;3;21062296
Excel;254749028806;en;2;kisumu;31;female;Jacqueline Mckee;Manyatta;1;1;1;0;1;0;4;6;32216400
Excel;254364265999;en;2;turkana.turkana-north;80;male;Anthony Garrett;Nakwamekwi;1;0;0;0;0;0;1;3;41426254
Excel;254853294080;en;2;kisumu.kisumu-central;24;female;Jessica Davis;Milimani;1;1;1;0;1;1;5;8;22775337
Excel;254986724645;en;2;kisumu;72;male;Aaron Woods;Manyatta;0;0;1;0;0;0;1;4;27810664
Excel;254470807766;en;2;turkana.turkana-north;37;male;Kevin Stone;Nariemet;0;1;0;1;0;0;2;3;69735865
Excel;254455723264;en;2;kisumu.kisumu-east;42;male;Adam Dominguez;Kajulu;0;1;0;1;0;1;3;6;26185823
Excel;254788014902;en;2;turkana;70;female;Virginia Henderson;Lodwar;0;0;0;0;1;0;1;3;27740248
Excel;254684013055;en;2;turkana.turkana-north;73;male;John Perez;Nariemet;0;0;0;0;0;1;1;4;21989814
Excel;254373401833;en;2;kisumu.kisumu-east;76;male;Nicholas Garcia;Kajulu;1;0;0;0;1;0;2;4;52057323
Excel;254155003617;en;2;turkana.turkana-north;46;female;Holly Evans;Nakwamekwi;1;0;1;1;1;0;4;7;61367949
Excel;254260961431;en;2;turkana;77;female;Patricia Mullins;Lodwar;1;1;0;1;0;0;3;4;27870584
Excel;254928486597;en;2;kisumu.kisumu-west;27;male;Martin Byrd;Kisian;0;0;1;0;0;0;1;2;19182050
Excel;254428496565;en;2;kisumu;88;female;Kerry Smith;Manyatta;0;0;1;0;1;1;3;5;97244236
Excel;254926940156;en;2;turkana;79;male;Christopher Bell;Lodwar;1;0;0;1;1;1;4;7;38595818
Excel;254401572016;en;2;turkana;77;female;Lori Hernandez;Lokichar;1;1;0;0;0;0;2;5;65258766
Excel;254383298305;en;2;kisumu.kisumu-east;18;male;Luis Ramos;Kondele;0;1;1;0;0;0;2;3;39158087
Excel;254319863557;en;2;kisumu.kisumu-central;24;female;Angelica Garcia;Milimani;0;0;0;0;1;1;2;4;26529882
Excel;254754673318;en;2;kisumu.kisumu-east;32;male;Kevin Cruz;Kondele;1;0;0;0;0;1;2;4;67631581
Excel;254188456614;en;2;kisumu;42;male;Ernest Taylor;Nyalenda;1;1;1;1;1;0;5;7;47173969
Excel;254318202457;en;2;kisumu.kisumu-east;32;female;Maria Wright;Kondele;1;0;0;0;0;0;1;3;90664728
Excel;254398636489;en;2;kisumu;72;male;Kyle Lawson;Obunga;0;0;1;1;1;0;3;6;13600310
Excel;254808768747;en;2;kisumu.kisumu-central;30;female;Sarah Barrett;Milimani;1;0;1;0;0;1;3;6;50486688
Excel;254221228499;en;2;kisumu;41;male;Daniel Lawson;Obunga;1;0;0;0;1;0;2;4;35319707
Excel;254125201144;en;2;kisumu;53;female;Nicole Phillips;Nyalenda;0;0;0;0;0;0;0;1;17324144
Excel;254491342635;en;2;kisumu.kisumu-east;56;female;Rachel Leon;Kajulu;1;0;0;0;1;0;2;3;42123815
Excel;254507326912;en;2;kisumu.kisumu-west;60;female;Kathleen Rodriguez;Otonglo;0;1;0;1;0;1;3;6;77052833
Excel;254812615082;en;2;turkana;63;female;Margaret Jones;Kakuma;0;0;1;0;0;1;2;5;11619606
Excel;254343940122;en;2;kisumu.kisumu-west;31;male;William Peck;Kisian;1;0;1;0;0;0;2;3;27714442
Excel;254445379277;en;2;kisumu.kisumu-west;44;female;Jasmine Combs;Otonglo;0;0;0;1;0;1;2;5;66487347
Excel;254221580250;en;2;kisumu;69;male;Jacob Vega;Nyalenda;0;1;0;0;0;0;1;4;73218512
Excel;254724875284;en;2;kisumu.kisumu-east;50;female;Tiffany Townsend;Kondele;1;0;0;1;0;0;2;3;12240013
Excel;254451172401;en;2;kisumu;33;male;Kevin Smith;Nyalenda;0;0;0;0;0;0;0;1;38956527
Excel;254631702202;en;2;kisumu.kisumu-west;79;female;Amanda Brown;Otonglo;0;0;0;1;1;0;2;5;63415303
Excel;254859397395;en;2;turkana;66;female;Katie Fuller;Lodwar;0;0;0;0;1;0;1;4;77249653
Excel;254627580729;en;2;kisumu.kisumu-central;86;female;Pamela Henderson;Milimani;0;0;1;0;0;0;1;3;63992760
Excel;254748534568;en;2;kisumu;66;male;Bradley Herrera;Nyalenda;0;0;1;1;1;0;3;4;92684436
Excel;254347138755;en;2;kisumu.kisumu-east;59;female;Brittany Miller;Kajulu;0;1;1;0;1;0;3;6;20606094
Excel;254203052842;en;2;kisumu;39;male;Jorge Harris;Obunga;0;0;1;1;0;0;2;5;30854365
Excel;254509256098;en;2;kisumu.kisumu-central;18;male;Joshua Myers;Nyamasaria;0;0;0;1;0;0;1;2;95133532
Excel;254754284842;en;2;turkana;19;male;Phillip Santos;Lokichar;0;0;0;1;0;0;1;4;96322745
Excel;254956971839;en;2;kisumu.kisumu-central;86;male;Austin Hale;Milimani;0;0;1;1;1;1;4;6;42029368
Excel;254549892370;en;2;kisumu.kisumu-east;38;female;Amy Miller;Kajulu;0;1;0;1;0;1;3;5;68315400
Excel;254618665685;en;2;kisumu.kisumu-west;74;male;Brian Salazar;Otonglo;0;0;0;1;0;1;2;3;17385816
Excel;254193912878;en;2;kisumu.kisumu-central;65;female;Ellen Harmon;Milimani;0;1;1;0;0;0;2;5;33574794
Excel;254675474479;en;2;turkana.turkana-north;19;female;Barbara Zimmerman;Nakwamekwi;0;1;1;1;1;0;4;7;11523452
Excel;254581858877;en;2;turkana;19;male;Christopher Benton;Lodwar;1;0;0;1;0;0;2;3;80196591
Excel;254323215965;en;2;turkana.turkana-north;72;male;Joseph Carson;Nariemet;0;0;0;1;0;0;1;4;44795538
Excel;254424630004;en;2;kisumu.kisumu-central;62;female;Carol Martinez;Nyamasaria;0;1;0;0;0;0;1;2;46072958
Excel;254116301607;en;2;turkana.turkana-north;60;female;Morgan Wilson;Nariemet;0;0;0;0;0;1;1;4;13940129
Excel;254185021474;en;2;turkana.turkana-north;30;male;George Patterson;Nakwamekwi;0;1;0;1;0;0;2;5;80310522
Excel;254830937691;en;2;turkana.turkana-north;77;female;Amy Joseph;Nakwamekwi;0;0;0;0;0;0;0;2;87396877
Excel;254164127035;en;2;turkana.turkana-north;47;female;Lori Crawford;Nakwamekwi;0;1;0;0;0;1;2;4;78555983
Excel;254483053178;en;2;kisumu.kisumu-central;36;male;Ian Porter;Milimani;1;1;0;0;0;1;3;5;86086168
Excel;254397157285;en;2;kisumu.kisumu-west;43;female;Carol Moore;Otonglo;0;0;0;1;0;0;1;4;23811663
Excel;254643363226;en;2;turkana;84;male;Steven Craig;Lokichar;0;1;0;1;0;1;3;4;25479814
Excel;254360124305;en;2;turkana.turkana-north;49;male;Darryl Hicks;Nakwamekwi;0;0;0;1;0;0;1;2;15910667
Excel;254474051516;en;2;kisumu;59;female;Shannon Smith;Obunga;0;0;0;1;1;1;3;4;16171536
Excel;254366072026;en;2;kisumu.kisumu-central;78;female;Kaitlyn Reyes;Milimani;1;0;0;1;0;0;2;4;30144023
Excel;254813699748;en;2;kisumu.kisumu-central;59;female;Cassidy Horne;Nyamasaria;0;0;0;0;0;0;0;3;14746418
Excel;254239704068;en;2;kisumu;23;female;Kristen Sloan;Obunga;1;0;0;0;0;0;1;2;98007006
Excel;254346126228;en;2;turkana;63;female;Jennifer Morris;Lodwar;0;1;1;0;0;0;2;4;65869014
Excel;254773463077;en;2;turkana.turkana-north;90;male;Thomas Flores;Nakwamekwi;1;0;1;0;0;0;2;4;20453825
Excel;254645495925;en;2;kisumu.kisumu-east;60;male;Kenneth Wilson;Kajulu;0;0;1;0;0;1;2;4;17069536
Excel;254257204808;en;2;kisumu.kisumu-central;73;female;Cassie Brock;Milimani;0;1;0;0;0;0;1;3;16164431
Excel;254137681165;en;2;kisumu.kisumu-east;87;female;Tiffany Jones;Kondele;1;1;0;1;1;1;5;6;72423883
Excel;254843765084;en;2;kisumu.kisumu-west;60;male;Sean Ayala;Kisian;0;0;0;0;1;0;1;2;51701149
Excel;254872995227;en;2;kisumu;88;female;Erin Tran;Obunga;0;0;1;0;1;1;3;5;11069604
