projectFspConfigurationName;phoneNumber;preferredLanguage;paymentAmountMultiplier;fullName;whatsappPhoneNumber;addressStreet;addressHouseNumber;addressHouseNumberAddition;addressPostalCode;addressCity
Intersolve-visa;31623282420;en;1;Jan de Vries;31623282420;Arthurbaan;146;;1636HO;Schijf
Intersolve-voucher-whatsapp;31646475620;en;1;Piet van der Berg;31646475620;Elizebaan;31;bis;3366 XJ;Oosternijkerk
Intersolve-voucher-whatsapp;31656800180;en;1;Kees Bakker;31656800180;Tirzastraat;121;;1748 YY;Vijlen
Intersolve-voucher-whatsapp;31672621408;en;1;Levi Jansen;31672621408;Esmebaan;54;;3289FZ;Wijhe
Intersolve-voucher-whatsapp;31643005689;en;1;Henk de Jong;31643005689;Jinthepad;8;bis;5710 YV;Rinsumageast
Intersolve-voucher-whatsapp;31615659533;en;1;Noah van Dijk;31615659533;Sennweg;156;;3604 ND;Mariaparochie
Intersolve-voucher-whatsapp;31689729690;en;1;Willem Mulder;31689729690;Ellahof;69;;9164 FB;Montfoort
Intersolve-visa;31670010597;en;1;Greetje Smit;31670010597;Samsteeg;152;;9459QX;Nieuw-Vennep
Intersolve-voucher-whatsapp;31660595804;en;1;Jaap de Groot;31660595804;Dewiboulevard;8;;9549 HD;Leeuwarden
Intersolve-visa;31683339062;en;1;Tina van Leeuwen;31683339062;Joysingel;167;hs;1135 BA;Lottum
Intersolve-visa;31627272573;en;1;Dirk Visser;31627272573;Maryamlaan;98;;6719OY;Marienberg
Intersolve-visa;31640119314;en;1;Nel Peters;31640119314;Liekepad;109;;9721 XY;Munstergeleen
Intersolve-visa;31688848278;en;1;Cor van den Berg;31688848278;Boazweg;136;A;7417JQ;Westdorpe
Intersolve-voucher-whatsapp;31625857109;en;1;Joke Koning;31625857109;Jesperstraat;127;hs;3370HU;Utrecht
Intersolve-visa;31697896173;en;1;Bram de Wit;31697896173;Jaysonsingel;89;A;7198LJ;Kerkdriel
Intersolve-visa;31685765190;en;1;Ria Dekker;31685765190;Sennadreef;195;bis;8729 NH;Sappemeer
Intersolve-voucher-whatsapp;31631352046;en;1;Ton van der Meer;31631352046;Merleweg;6;bis;8285 AH;Herbaijum
Intersolve-visa;31647015407;en;1;Wil Bos;31647015407;Juliesingel;48;;6486 YU;Zalk
Intersolve-voucher-whatsapp;31649402812;en;1;Ad de Boer;31649402812;Elisaring;31;;2599 FV;Kats
Intersolve-voucher-whatsapp;31636668685;en;1;Truus Hansen;31636668685;Marinussteeg;185;;6961EQ;Schore
Intersolve-voucher-whatsapp;31645390837;en;1;Bert Meijer;31645390837;Quintenstraat;130;;3686EY;Kommerzijl
Intersolve-visa;31686354554;en;1;Corrie van der Laan;31686354554;Ibrahimdreef;78;B;4546 HT;Hem
Intersolve-voucher-whatsapp;31687221030;en;1;Rob Jacobs;31687221030;Duukhof;130;bis;7377 WK;Huizinge
Intersolve-visa;31698644660;en;1;Ineke de Haan;31698644660;Jasperweg;123;A;3006QI;Blankenham
Intersolve-voucher-whatsapp;31654604202;en;1;Pim Vermeulen;31654604202;Niekweg;107;;1433 LY;Zwinderen
Intersolve-visa;31660425489;en;1;Ank van Beek;31660425489;Nadinebaan;94;hs;9187XG;Megchelen
Intersolve-voucher-whatsapp;31656582036;en;1;Gert Scholten;31656582036;Madeliefboulevard;23;bis;9163 JN;Nederhemert
Intersolve-visa;31675857734;en;1;Riet Kuipers;31675857734;Bilallaan;200;A;6645 RU;Vorden
Intersolve-voucher-whatsapp;31636303401;en;1;Jos van Vliet;31636303401;Loeshof;95;bis;5556 DM;Nieuwe Wetering
Intersolve-visa;31673473595;en;1;Leny Brouwer;31673473595;Ameliering;121;;5957OM;Tynaarlo
Intersolve-voucher-whatsapp;31663029551;en;1;Nico van der Wal;31663029551;Aidenhof;181;hs;5081 GV;Merselo
Intersolve-voucher-whatsapp;31622576122;en;1;Trees Willems;31622576122;Stijnring;166;A;1011 YR;St.-Annaparochie
Intersolve-visa;31648718939;en;1;Frits de Ruiter;31648718939;Jaylinnlaan;129;A;8573 ZT;Roswinkel
Intersolve-visa;31698764979;en;1;Joke van Dam;31698764979;Boazweg;198;A;5861RR;Grootschermer
Intersolve-visa;31633253338;en;1;Hennie Hoekstra;31633253338;Noorsingel;104;hs;2957AW;Niftrik
Intersolve-voucher-whatsapp;31638753792;en;1;Diny van Os;31638753792;Marinuslaan;148;B;4447 FX;Stevensweert
Intersolve-voucher-whatsapp;31651860128;en;1;Klaas Zijlstra;31651860128;Dexweg;69;;4921KM;Varsselder
Intersolve-visa;31621270783;en;1;Bep van der Zande;31621270783;Robindreef;99;;2511TU;Kedichem
Intersolve-visa;31612216764;en;1;Sjaak Driessen;31612216764;Izestraat;133;hs;7968 TO;Maastricht-Airport
Intersolve-visa;31632246210;en;1;Elly Martens;31632246210;Catharinasteeg;110;;3947JE;Zoelen
Intersolve-voucher-whatsapp;31621305313;en;1;Daan Janssen;31621305313;Basring;94;hs;7456 MD;Beuningen Gld
Intersolve-visa;31634935237;en;1;Ans van Dalen;31634935237;Sarahpad;130;bis;7540 AY;Nuis
Intersolve-voucher-whatsapp;31651661967;en;1;Teun Verhagen;31651661967;Lorenzopad;92;bis;6377 FP;Hazerswoude-Dorp
Intersolve-voucher-whatsapp;31681342983;en;1;Loes van Schaik;31681342983;Taralaan;1;hs;9763SZ;1e Exloermond
Intersolve-voucher-whatsapp;31621014376;en;1;Stijn de Graaf;31621014376;Sennasingel;118;hs;2906JG;Ten Post
Intersolve-visa;31660745335;en;1;Mien van Alphen;31660745335;Sofiadreef;59;;2942 UX;Nieuw Namen
Intersolve-visa;31613046286;en;1;Ruud Posthuma;31613046286;Elinedreef;141;hs;2631 JY;Blauwestad
Intersolve-visa;31624891569;en;1;Jo Verbeek;31624891569;Aaliyahsteeg;24;hs;4184 TD;Andijk
Intersolve-voucher-whatsapp;31670255574;en;1;Cas van Wijk;31670255574;Gijshof;9;;5829 UA;Drouwen
Intersolve-visa;31627575719;en;1;Riny Klaasen;31627575719;Zakariahof;22;;2853 ER;Beesd
Intersolve-voucher-whatsapp;31687635448;en;1;Ben van Rijn;31687635448;Vincentbaan;4;B;7961YG;Zandhuizen
Intersolve-visa;31651738820;en;1;Gr� Kramer;31651738820;Elinstraat;69;;1098GV;Amsterdam
Intersolve-visa;31624081878;en;1;Piet Blom;31624081878;Morrissteeg;89;B;6554 CT;Boornbergum
Intersolve-visa;31651513901;en;1;Dora van Steen;31651513901;Lolahof;43;A;5855HI;Balk
Intersolve-voucher-whatsapp;31693565403;en;1;Wim van Dongen;31693565403;Rafaelsingel;136;A;1953 AF;Baars
Intersolve-voucher-whatsapp;31672166620;en;1;Mientje Konings;31672166620;Jannestraat;166;;8969 XB;Tinte
Intersolve-voucher-whatsapp;31675478757;en;1;Gerard van Loon;31675478757;Eveliensteeg;117;;1440 YD;Sneek
Intersolve-voucher-whatsapp;31639061418;en;1;Til de Vos;31639061418;Elizebaan;128;bis;2151IX;Lopik
Intersolve-visa;31635116608;en;1;Anton van Gelder;31635116608;Joellering;7;B;5392 VU;Nuth
Intersolve-voucher-whatsapp;31678772717;en;1;Bets Huisman;31678772717;Lieveboulevard;88;bis;5183 BX;Huis ter Heide
Intersolve-visa;31686041859;en;1;Joep Wolters;31686041859;Evybaan;67;;5734LJ;Vreeland
Intersolve-voucher-whatsapp;31651363545;en;1;Ina van Ginkel;31651363545;Rosaboulevard;187;hs;8521JO;Beets
Intersolve-visa;31690369548;en;1;Harry Vogels;31690369548;Naudpad;156;bis;7796 FB;Kaatsheuvel
Intersolve-voucher-whatsapp;31695932863;en;1;Nel Molenaar;31695932863;Collinweg;38;;1780UM;Noordhorn
Intersolve-visa;31648017835;en;1;Theo de Lange;31648017835;Jetstraat;115;;4312XG;Kruisland
Intersolve-voucher-whatsapp;31662061227;en;1;Cora Pieters;31662061227;Hugohof;140;A;3275DY;Nutter
Intersolve-voucher-whatsapp;31625740935;en;1;Freek van Niel;31625740935;Ameliepad;58;hs;2959 EV;Rhenoy
Intersolve-visa;31616801525;en;1;Joke Roelofs;31616801525;Mathijspad;102;;5949 RL;Moddergat
Intersolve-voucher-whatsapp;31694115417;en;1;Kees van Essen;31694115417;Jillpad;169;;1976YJ;Wittem
Intersolve-voucher-whatsapp;31625658365;en;1;Annie van Houten;31625658365;Ecrinsingel;16;;1093 CP;Gellicum
Intersolve-voucher-whatsapp;31637805435;en;1;Henk Evers;31637805435;Emilyhof;33;A;2205 BY;Vilsteren
Intersolve-visa;31655299615;en;1;Riet van Dijck;31655299615;Tarastraat;79;;6764 XW;Graft
Intersolve-visa;31658196031;en;1;Paul van Hulst;31658196031;Phileinestraat;80;B;3825 WI;Havelterberg
Intersolve-visa;31662353577;en;1;Tiny Smeets;31662353577;Myrthelaan;107;hs;8172JD;Denekamp
Intersolve-voucher-whatsapp;31638111037;en;1;Frans Kuijpers;31638111037;Niekring;34;;7555NY;Linne
Intersolve-visa;31668051709;en;1;Gr� van Wezel;31668051709;Benthedreef;152;A;6266 IO;Vrouwenakker
Intersolve-voucher-whatsapp;31680211942;en;1;Dick van Keulen;31680211942;Emilysingel;44;;8128KJ;Herkenbosch
Intersolve-visa;31668673283;en;1;Bep Hendriks;31668673283;Faassingel;97;A;6426 PW;Ottersum
Intersolve-voucher-whatsapp;31627094712;en;1;Jos Stapel;31627094712;Naomilaan;26;A;7235 XV;Zuidzande
Intersolve-voucher-whatsapp;31661930634;en;1;Leny van Tilburg;31661930634;Liekestraat;152;A;9178 GI;Werkendam
Intersolve-voucher-whatsapp;31694293955;en;1;Piet van Hoorn;31694293955;Samhof;27;;1479KB;Wirdum
Intersolve-voucher-whatsapp;31635357603;en;1;Ans Bosman;31635357603;Mustafasteeg;76;hs;7689 EW;Holten
Intersolve-voucher-whatsapp;31689689031;en;1;Klaas de Heer;31689689031;Bohof;5;B;5917 AP;Kropswolde
Intersolve-voucher-whatsapp;31645948694;en;1;Corrie Lubbers;31645948694;Lievehof;73;;4823FG;Noardburgum
Intersolve-visa;31652899072;en;1;Wim van Breugel;31652899072;Bibibaan;87;bis;5371SN;Schermerhorn
Intersolve-visa;31623802170;en;1;Jo van Limburg;31623802170;Floorboulevard;69;;7947QG;Deurze
Intersolve-visa;31689784517;en;1;Bert Koster;31689784517;Aaliyahhof;98;hs;2606PR;Bavel AC
Intersolve-voucher-whatsapp;31681266031;en;1;Trees Verhoeven;31681266031;Estherhof;176;hs;9344UT;Maasland
Intersolve-voucher-whatsapp;31611869608;en;1;Jaap van Herpen;31611869608;Juulweg;197;hs;2875 EE;Huisduinen
Intersolve-visa;31617363171;en;1;Riny de Nijs;31617363171;Boazbaan;17;;2703UC;Mander
Intersolve-visa;31699002848;en;1;Ton Hopman;31699002848;Annabelsteeg;22;A;9360 RW;Kollum
Intersolve-visa;31662897007;en;1;Joke van Roosmalen;31662897007;Merelsteeg;43;hs;7028IY;Westervelde
Intersolve-visa;31647048713;en;1;Dries van Eijk;31647048713;Lynnboulevard;69;B;3967NK;Steenwijk
Intersolve-voucher-whatsapp;31626805342;en;1;Mien Coenen;31626805342;Jasmijnstraat;95;B;8106 DW;Spaarndam
Intersolve-voucher-whatsapp;31623909126;en;1;Rob van der Horst;31623909126;Lukasbaan;30;B;4582SV;Burgerbrug
Intersolve-visa;31677268774;en;1;Elly Timmermans;31677268774;Amirsingel;155;;1335 BC;Vierpolders
Intersolve-voucher-whatsapp;31620710434;en;1;Pim van Bladel;31620710434;Sjoerdring;35;hs;1475 FE;Rijsbergen
Intersolve-visa;31697809363;en;1;Nel Goossens;31697809363;Maartenbaan;83;;5462XZ;Zwammerdam
Intersolve-voucher-whatsapp;31626755978;en;1;Ad Schipper;31626755978;Quintenstraat;19;bis;7155 PY;Lith
Intersolve-visa;31655169172;en;1;Truus van Gils;31655169172;Wouthof;33;B;4982 TK;Elshout
Intersolve-visa;31627473259;en;1;Hennie van Oers;31627473259;Lizadreef;158;hs;2210 BL;Leimuiderbrug
Intersolve-voucher-whatsapp;31677135513;en;1;Bep van Donk;31677135513;Morrisstraat;20;hs;1856LR;Simonshaven
Intersolve-visa;31615454789;en;1;Sjaak Verhulst;31615454789;Laraweg;145;;7689JU;Goor
Intersolve-voucher-whatsapp;31659721085;en;1;Diny Cornelissen;31659721085;Merleweg;94;B;4727YP;Beers NB
Intersolve-visa;31688473044;en;1;Frits van Laar;31688473044;Pimstraat;118;B;6892 HE;Bergentheim
Intersolve-visa;31621511885;en;1;Ank Brands;31621511885;Duukring;12;B;5415WN;Mussel
Intersolve-visa;31629849198;en;1;Nico Claassen;31629849198;Robinpad;158;;3078 BW;Terwispel
Intersolve-visa;31648791260;en;1;Loes van Rooij;31648791260;Lukasingel;24;bis;4502QP;Houwerzijl
Intersolve-visa;31625741563;en;1;Gert Hofman;31625741563;Evysingel;11;A;9401 DK;Hoogerheide
Intersolve-visa;31626944300;en;1;Riet van Aken;31626944300;Loladreef;151;bis;3847 BV;Vredepeel
Intersolve-visa;31622690252;en;1;Willem van Dorp;31622690252;Elisehof;30;bis;1084 AY;Diever
Intersolve-visa;31623559770;en;1;Greetje Peeters;31623559770;Benjaminsingel;175;A;5816 BD;Horssen
Intersolve-visa;31618328649;en;1;Jan van Ewijk;31618328649;Bastiaanlaan;191;;8294SB;Margraten
Intersolve-voucher-whatsapp;31675183140;en;1;Marie Leenders;31675183140;Lizzweg;97;hs;4890 ZR;Ambt Delden
Intersolve-voucher-whatsapp;31695803082;en;1;Piet Govers;31695803082;Pukdreef;141;B;9594 PO;Haringhuizen
Intersolve-voucher-whatsapp;31628334076;en;1;Anna Neuteboom;31628334076;Lizepad;81;;8444NJ;Zonnemaire
Intersolve-visa;31637075634;en;1;Kees van Mook;31637075634;Lararing;167;B;3411 TV;Oldeberkoop
Intersolve-visa;31663516472;en;1;Tina Lammers;31663516472;Benjaminsteeg;7;;5321JA;'t Zandt
Intersolve-voucher-whatsapp;31678735790;en;1;Henk Gerrits;31678735790;Maaikesingel;186;hs;4312MN;Evertsoord
Intersolve-voucher-whatsapp;31683917775;en;1;Wil van Riel;31683917775;Bradleybaan;116;bis;8972 KX;Nispen
Intersolve-voucher-whatsapp;31690755937;en;1;Jaap Driesen;31690755937;Leahlaan;103;;6607AP;Den Velde
Intersolve-visa;31643225800;en;1;Nel van Boxtel;31643225800;Miladreef;82;hs;9224 YS;De Hoeve
Intersolve-voucher-whatsapp;31679061360;en;1;Dirk Coolen;31679061360;Matthiasboulevard;29;B;2095YH;Grootebroek
Intersolve-visa;31637372522;en;1;Corrie van Nunen;31637372522;Duuksingel;159;hs;4424 VV;Neerkant
Intersolve-voucher-whatsapp;31678912000;en;1;Bram Vermeer;31678912000;Jennaring;170;B;7389KQ;Achterveld
Intersolve-voucher-whatsapp;31622546518;en;1;Ria van Esch;31622546518;Markpad;47;hs;8201TB;Papendrecht
Intersolve-visa;31617309715;en;1;Ton Loonen;31617309715;Joyring;79;A;5399 LU;Hoenderloo
Intersolve-visa;31675075391;en;1;Joke van den Oever;31675075391;Thijshof;93;;7145XL;Moordrecht
Intersolve-voucher-whatsapp;31641719455;en;1;Bert van der Steen;31641719455;Jaydenstraat;23;bis;2014 LT;Winterswijk Brinkheurne
Intersolve-visa;31656150590;en;1;Ineke Donkers;31656150590;Bentesteeg;167;hs;1033WP;It Heidenskip
Intersolve-voucher-whatsapp;31663213106;en;1;Rob Bouwman;31663213106;Noellering;59;bis;1908 RD;Barendrecht
Intersolve-voucher-whatsapp;31676816171;en;1;Truus van Eeten;31676816171;Saarlaan;11;B;9778 NS;Spijk Gn
Intersolve-visa;31665198723;en;1;Pim van Brakel;31665198723;Lilyboulevard;82;hs;4376AD;Groede
Intersolve-voucher-whatsapp;31632341669;en;1;Ank Smulders;31632341669;Joypad;63;B;8437RR;Rhenen
Intersolve-visa;31637723065;en;1;Ad van Happen;31637723065;Jaysonsingel;140;hs;7349 RA;Leveroy
Intersolve-visa;31631803230;en;1;Leny van Herwijnen;31631803230;Matthijssteeg;63;A;5442GV;Wilnis
Intersolve-visa;31630993331;en;1;Jos van Deursen;31630993331;Fabianboulevard;63;bis;4617WL;Babberich
Intersolve-visa;31687743199;en;1;Riny van Bokhoven;31687743199;Marahof;69;hs;6751ZQ;Delden
Intersolve-visa;31663690947;en;1;Nico van Berkel;31663690947;Jimweg;187;;8323YI;Chaam
Intersolve-voucher-whatsapp;31642744120;en;1;Trees van den Bogaard;31642744120;Meganweg;193;B;2615BC;Netterden
Intersolve-voucher-whatsapp;31672099210;en;1;Frits Verschuren;31672099210;Fempad;121;A;4241QY;Zaltbommel
Intersolve-visa;31628647128;en;1;Dora van Hoof;31628647128;Meganlaan;129;B;9424HT;Vrouwenparochie
Intersolve-visa;31641517308;en;1;Gert van Dommelen;31641517308;Aaliyahhof;131;;2315SC;Heusden
Intersolve-visa;31670644659;en;1;Bep van Helmond;31670644659;Jordylaan;46;A;4530 MR;Mantinge
Intersolve-visa;31615028142;en;1;Sjaak van Lint;31615028142;Joostpad;182;hs;7192AK;Kimswerd
Intersolve-voucher-whatsapp;31681189106;en;1;Elly van de Ven;31681189106;Jaydalaan;33;A;7718 ZA;Arnhem
Intersolve-visa;31664845127;en;1;Daan van Driel;31664845127;Thijmenpad;140;;6769RS;Ulrum
Intersolve-visa;31667912174;en;1;Ans van Erp;31667912174;Sepsingel;200;B;7559 JZ;Eexterzandvoort
Intersolve-visa;31682973831;en;1;Teun van den Boom;31682973831;Jensring;46;B;1443 PE;Noordwolde
Intersolve-voucher-whatsapp;31684958600;en;1;Loes van der Sande;31684958600;Suussingel;138;A;6036PV;Kolhorn
Intersolve-visa;31658147456;en;1;Stijn van de Berg;31658147456;Estherlaan;183;;7451DS;Westwoud
Intersolve-visa;31623230801;en;1;Mien van Gerwen;31623230801;Evasingel;65;;6777 BB;Boxmeer
Intersolve-voucher-whatsapp;31612723253;en;1;Ruud van Beers;31612723253;Jolijnstraat;111;hs;7612GB;Winschoten
Intersolve-voucher-whatsapp;31669092902;en;1;Jo van den Broek;31669092902;Tygostraat;139;bis;5615 OJ;Krimpen aan de Lek
Intersolve-voucher-whatsapp;31669577291;en;1;Cas van de Water;31669577291;Hamzalaan;3;bis;9992JW;Est
Intersolve-voucher-whatsapp;31671315683;en;1;Riet van Duijn;31671315683;Lukadreef;44;B;5985 HV;De Cocksdorp
Intersolve-voucher-whatsapp;31697657810;en;1;Ben van de Kamp;31697657810;Jacobsingel;7;;6247LO;Beilen
Intersolve-voucher-whatsapp;31696576963;en;1;Gr� van Zwanenburg;31696576963;Jadeboulevard;147;;1953 YI;Genderen
Intersolve-visa;31674303414;en;1;Piet van der Werf;31674303414;Nadinehof;178;B;3062CU;Berlicum
Intersolve-visa;31688564825;en;1;Diny van Lith;31688564825;Florianbaan;152;A;1582UK;Beerzerveld
Intersolve-visa;31694414809;en;1;Wim van Gastel;31694414809;Loekhof;67;B;9314XF;Druten
Intersolve-voucher-whatsapp;31677062675;en;1;Mientje van der Plas;31677062675;Nikkiring;145;bis;8157QZ;Heumen
Intersolve-visa;31681916938;en;1;Gerard van Kessel;31681916938;Amyhof;157;;5492 HU;Hoog Soeren
Intersolve-visa;31638575359;en;1;Til van Dinter;31638575359;Lisaweg;125;;7377XT;Middelstum
Intersolve-visa;31656672784;en;1;Anton van Heesch;31656672784;Roospad;136;B;5955 PA;Ellertshaar
Intersolve-voucher-whatsapp;31678468233;en;1;Bets van Roekel;31678468233;Sofiaring;176;;6372OX;De Heen
Intersolve-visa;31647226540;en;1;Joep van de Pol;31647226540;Loisboulevard;62;B;3453CW;Oldeouwer
Intersolve-voucher-whatsapp;31618219878;en;1;Ina van den Brink;31618219878;Mathijsboulevard;176;bis;5684 MF;De Heen
Intersolve-visa;31659179444;en;1;Harry van der Weide;31659179444;Jacksingel;183;bis;5767AM;Kerk Avezaath
Intersolve-voucher-whatsapp;31670665757;en;1;Nel van de Beek;31670665757;Julesring;144;hs;1164 PQ;Den Velde
Intersolve-voucher-whatsapp;31621985483;en;1;Theo van Harten;31621985483;Ceylinboulevard;166;A;8480OQ;Zwartsluis
Intersolve-visa;31650421907;en;1;Cora van Rijswijk;31650421907;Davebaan;19;hs;9533KJ;Castenray
Intersolve-voucher-whatsapp;31684225360;en;1;Freek van der Bruggen;31684225360;Lynnhof;41;hs;7936 CK;Zuidveen
Intersolve-visa;31667932178;en;1;Joke van de Graaff;31667932178;Lexstraat;80;B;4334ZV;Sambeek
Intersolve-voucher-whatsapp;31655273730;en;1;Kees van Breemen;31655273730;Duukhof;142;B;4638BH;Veulen
Intersolve-visa;31630656489;en;1;Annie van der Sluijs;31630656489;Sennasingel;180;;4304 JJ;Amsterdam
Intersolve-voucher-whatsapp;31615276726;en;1;Henk van Vlissingen;31615276726;Stefanpad;153;;7513NZ;Veulen
Intersolve-visa;31680718170;en;1;Riet van der Does;31680718170;Nadiahof;156;hs;5537VL;Wezup
Intersolve-voucher-whatsapp;31638602641;en;1;Paul van de Hoek;31638602641;Noasingel;46;A;4830MY;Munnekezijl
Intersolve-voucher-whatsapp;31659284149;en;1;Tiny van der Veen;31659284149;Stefweg;110;A;9344DV;Schouwerzijl
Intersolve-visa;31646711013;en;1;Frans van der Drift;31646711013;Jasondreef;127;;1573CA;Swolgen
Intersolve-voucher-whatsapp;31684710446;en;1;Gr� van de Streek;31684710446;Merelstraat;184;;5043 DG;Warfstermolen
Intersolve-voucher-whatsapp;31653762682;en;1;Dick van der Plaats;31653762682;Mariasingel;99;hs;7968HT;De Falom
Intersolve-visa;31622711089;en;1;Bep van de Hoeve;31622711089;Annabelpad;140;;8263OX;Kinderdijk
Intersolve-visa;31643582386;en;1;Jos van der Wijde;31643582386;Emilyweg;135;;6269OT;Heeze
Intersolve-voucher-whatsapp;31617843618;en;1;Leny van de Reep;31617843618;Naomiring;161;;8570PZ;Witte Paarden
Intersolve-voucher-whatsapp;31698102968;en;1;Piet van de Kerk;31698102968;Ivansingel;189;;6505 XU;Bunschoten-Spakenburg
Intersolve-visa;31612141736;en;1;Ans van de Grift;31612141736;Tylerbaan;199;hs;7102QS;Vinkega
Intersolve-visa;31641723190;en;1;Klaas van de Klift;31641723190;Meikestraat;114;A;3837RV;Dreischor
Intersolve-voucher-whatsapp;31640601390;en;1;Corrie van de Heuvel;31640601390;Danieldreef;111;bis;9209AD;Brandwijk
Intersolve-visa;31664579994;en;1;Wim van de Munt;31664579994;Sylviedreef;84;bis;8158 MG;West-Terschelling
Intersolve-visa;31698813002;en;1;Jo van de Weerd;31698813002;Meikeweg;160;bis;3096 FL;Moerkapelle
Intersolve-visa;31679123997;en;1;Bert van de Ruit;31679123997;Yinthesingel;31;bis;9761 LD;Balloerveld
Intersolve-voucher-whatsapp;31621223588;en;1;Trees van de Sluis;31621223588;Indyhof;31;;5574 KT;Cruquius
Intersolve-voucher-whatsapp;31658406719;en;1;Jaap van de Kraats;31658406719;Finnboulevard;72;A;5498 BV;Oud Annerveen
Intersolve-voucher-whatsapp;31639115084;en;1;Riny van de Giessen;31639115084;Stellasingel;192;hs;7604RZ;Oud-Alblas
Intersolve-visa;31614801607;en;1;Ton van de Locht;31614801607;Aminaring;49;hs;7180 TJ;Stavoren
Intersolve-voucher-whatsapp;31665318394;en;1;Joke van de Mortel;31665318394;Liviabaan;149;;4352 IF;Beek
Intersolve-visa;31618702089;en;1;Dries van de Ridder;31618702089;Esilastraat;161;hs;4668 IB;Groenlo
Intersolve-visa;31683614297;en;1;Mien van de Kuil;31683614297;Briansingel;67;A;5293 VC;Roosteren
Intersolve-visa;31664474081;en;1;Rob van de Garde;31664474081;Bilalstraat;73;A;2806 AA;Zeerijp
Intersolve-visa;31678577034;en;1;Elly van de Kasteele;31678577034;Kianlaan;70;B;1093MS;Hilaard
Intersolve-voucher-whatsapp;31640064247;en;1;Pim van de Leur;31640064247;Oliviaboulevard;175;bis;4392YP;Westknollendam
Intersolve-visa;31615977550;en;1;Nel van de Riet;31615977550;Marijnpad;140;B;2493IC;Nagele
Intersolve-voucher-whatsapp;31679090311;en;1;Ad van de Pas;31679090311;Fabianweg;108;;5249AE;Oude Meer
Intersolve-visa;31690974745;en;1;Truus van de Vijver;31690974745;Vincentbaan;147;bis;7154UZ;Kedichem
Intersolve-visa;31679504741;en;1;Hennie van de Schoot;31679504741;Seppring;73;;6379 MY;Wervershoof
Intersolve-visa;31651057212;en;1;Bep van de Waal;31651057212;Maxdreef;31;hs;6929JM;Dussen
Intersolve-visa;31679320970;en;1;Sjaak van de Velde;31679320970;Sethboulevard;140;B;5524 MC;Geelbroek
Intersolve-visa;31685190442;en;1;Diny van de Wal;31685190442;Luuksteeg;20;hs;6291DV;Siegerswoude
Intersolve-voucher-whatsapp;31660809715;en;1;Frits van de Winkel;31660809715;Jimbaan;147;B;8450 VY;Schijf
Intersolve-voucher-whatsapp;31680318464;en;1;Ank van de Kolk;31680318464;Mettestraat;129;;1679MC;Wormerveer
Intersolve-voucher-whatsapp;31628573226;en;1;Nico van de Reek;31628573226;Thomaslaan;195;hs;3289QS;Afferden L
Intersolve-voucher-whatsapp;31621250302;en;1;Loes van de Schans;31621250302;Yassinbaan;1;;2580 DR;Blesdijke
Intersolve-voucher-whatsapp;31692609477;en;1;Gert van de Wiel;31692609477;Alyssaweg;184;bis;4477 NL;Wellerlooi
Intersolve-voucher-whatsapp;31619334540;en;1;Riet van de Kuilen;31619334540;Lizweg;79;hs;6836VW;Adorp
Intersolve-voucher-whatsapp;31699742527;en;1;Willem van de Laak;31699742527;Mettesteeg;87;;1184 SO;Waardhuizen
Intersolve-voucher-whatsapp;31616282192;en;1;Greetje van de Weijer;31616282192;Jaydenstraat;29;;8763 XG;Burgwerd
Intersolve-voucher-whatsapp;31674651635;en;1;Jan van de Logt;31674651635;Johannabaan;98;A;6623 NY;'t Zandt
Intersolve-visa;31648781287;en;1;Marie van de Put;31648781287;Pimboulevard;72;;6993 ZS;Gouderak
Intersolve-visa;31689588599;en;1;Piet van de Klei;31689588599;Meikesteeg;119;hs;9834 SY;Vlodrop
Intersolve-voucher-whatsapp;31613843078;en;1;Anna van de Kemp;31613843078;Merijnstraat;191;;6113CX;Lippenhuizen
Intersolve-voucher-whatsapp;31624083502;en;1;Kees van de Braak;31624083502;Fennestraat;180;A;4393 TI;Wilhelminadorp
Intersolve-voucher-whatsapp;31676735412;en;1;Tina van de Hof;31676735412;Ayaboulevard;159;;2209 EJ;Klazienaveen-Noord
Intersolve-visa;31627721918;en;1;Henk van de Sloot;31627721918;Femkebaan;93;hs;9825 XS;Wijnaldum
Intersolve-visa;31660993420;en;1;Wil van de Donk;31660993420;Jetboulevard;174;bis;7525DK;Griendtsveen
Intersolve-voucher-whatsapp;31626384096;en;1;Jaap van de Klauw;31626384096;Julianhof;104;B;8267VL;Haskerhorne
Intersolve-visa;31672711002;en;1;Nel van de Laag;31672711002;Romyboulevard;127;;7351QT;Julianadorp
Intersolve-visa;31664604016;en;1;Dirk van de Voort;31664604016;Elisering;164;;6869 YC;Lepelstraat
Intersolve-voucher-whatsapp;31664344807;en;1;Corrie van de Kop;31664344807;Daniquehof;162;;3596 AL;Lattrop-Breklenkamp
Intersolve-voucher-whatsapp;31615500353;en;1;Bram van de Kant;31615500353;Kickweg;185;;5620DC;Gaastmeer
Intersolve-visa;31686226988;en;1;Ria van de Bemd;31686226988;Katebaan;163;bis;9136 AM;Dinteloord
Intersolve-voucher-whatsapp;31670989105;en;1;Ton van de Kolk;31670989105;Noabaan;46;;9180 KT;Spanbroek
Intersolve-visa;31684788201;en;1;Joke van de Graaf;31684788201;Danielhof;90;B;6174PJ;Goutum
Intersolve-voucher-whatsapp;31642394771;en;1;Bert van de Voet;31642394771;Jaysonstraat;176;hs;6478 GP;Ruigahuizen
Intersolve-voucher-whatsapp;31678212944;en;1;Ineke van de Grauw;31678212944;Finnboulevard;39;bis;5175 HU;Oss
Intersolve-voucher-whatsapp;31687585244;en;1;Rob van de Bunt;31687585244;Thijnweg;125;A;4489 WJ;Breezanddijk
Intersolve-voucher-whatsapp;31669859625;en;1;Truus van de Klap;31669859625;Levihof;131;;3402BB;Berltsum
Intersolve-voucher-whatsapp;31692410906;en;1;Pim van de Kieft;31692410906;Ariebaan;131;;6003NC;Bellingwolde
Intersolve-voucher-whatsapp;31656032792;en;1;Ank van de Koog;31656032792;Muhammedstraat;18;B;2562 GD;Montfoort
Intersolve-visa;31629118316;en;1;Ad van de Hoorn;31629118316;Florisring;169;bis;1940PH;Oud Zuilen
Intersolve-visa;31630394585;en;1;Leny van de Kam;31630394585;Jillsingel;43;hs;9201 DE;Haelen
Intersolve-visa;31612947788;en;1;Jos van de Keer;31612947788;Linnweg;177;;6171 HI;Boschoord
Intersolve-voucher-whatsapp;31615378004;en;1;Riny van de Laar;31615378004;Noortjebaan;163;;6689CW;Arrien
Intersolve-voucher-whatsapp;31685919956;en;1;Nico van de Lee;31685919956;Tirzalaan;155;B;9725OG;Gassel
Intersolve-visa;31636773905;en;1;Trees van de Meer;31636773905;Lucaboulevard;136;A;8028VP;Winkel
Intersolve-visa;31659815625;en;1;Frits van de Moer;31659815625;Femkehof;86;B;9449 GT;Woudsend
Intersolve-visa;31620191051;en;1;Dora van de Reij;31620191051;Masonring;20;;7114 BM;IJsselham
Intersolve-voucher-whatsapp;31688369637;en;1;Gert van de Steeg;31688369637;Novastraat;120;hs;5775VR;Vries
Intersolve-visa;31660500437;en;1;Bep van de Valk;31660500437;Joelpad;44;B;6456DD;Hegebeintum
Intersolve-voucher-whatsapp;31654728018;en;1;Sjaak van de Wouw;31654728018;Bryansteeg;92;hs;3314 CN;Kwadendamme
Intersolve-visa;31627516574;en;1;Elly van de Zee;31627516574;Nathanlaan;101;hs;5984 MK;Ovezande
Intersolve-voucher-whatsapp;31625945552;en;1;Daan Willems;31625945552;Juleshof;45;bis;3819 QC;Escharen
Intersolve-voucher-whatsapp;31627593174;en;1;Ans Bakkers;31627593174;Mirtelaan;157;B;5251TT;Hegelsom
Intersolve-visa;31695722475;en;1;Teun Molenaar;31695722475;Loeksteeg;67;hs;4061DT;Onnen
Intersolve-visa;31616362306;en;1;Loes Smits;31616362306;Jeltelaan;170;;6312 ZI;Westerbeek
Intersolve-voucher-whatsapp;31637320891;en;1;Stijn Vissers;31637320891;Joepring;82;bis;8710XP;Okkenbroek
Intersolve-visa;31624402349;en;1;Mien Koster;31624402349;Berendring;69;A;4786 MX;Burdaard
Intersolve-visa;31619099065;en;1;Ruud Vermeer;31619099065;Berathof;161;;5656 CT;Oudesluis
Intersolve-visa;31656155998;en;1;Jo Schipper;31656155998;Svenpad;149;bis;6022 YS;Sterksel
Intersolve-visa;31666384432;en;1;Cas Hoekstra;31666384432;Isabellapad;156;B;5310OR;De Lier
Intersolve-voucher-whatsapp;31664589484;en;1;Riet Dekkers;31664589484;Ayastraat;135;A;7646OK;Rekken
Intersolve-visa;31664240514;en;1;Ben Koning;31664240514;Leondreef;200;A;5393 HW;Rijkevoort
Intersolve-voucher-whatsapp;31635159378;en;1;Gr� Mulder;31635159378;Naudweg;93;B;8329QV;Katlijk
Intersolve-voucher-whatsapp;31699825888;en;1;Piet Bakker;31699825888;Lukahof;62;;6545CE;Hezingen
Intersolve-visa;31691584413;en;1;Diny Smit;31691584413;Lisestraat;184;;1406DA;Poortugaal
Intersolve-voucher-whatsapp;31681791329;en;1;Wim Jansen;31681791329;Mettedreef;18;;8069JX;Bruntinge
Intersolve-visa;31680615193;en;1;Mientje Peters;31680615193;Fienebaan;102;B;5359 XS;Heerenveen
Intersolve-voucher-whatsapp;31680576874;en;1;Gerard de Jong;31680576874;Nathanpad;26;A;5792 OP;Oostknollendam
Intersolve-visa;31696404493;en;1;Til Visser;31696404493;Teunboulevard;15;hs;3283 GU;Rosmalen
Intersolve-visa;31662144760;en;1;Anton Bos;31662144760;Keanoboulevard;193;A;8152 PW;de Woude
Intersolve-visa;31653257866;en;1;Bets Hansen;31653257866;Thomlaan;127;;7919 QZ;Deest
Intersolve-voucher-whatsapp;31662211245;en;1;Joep Meijer;31662211245;Dylanstraat;88;;9865 WJ;Vuren
Intersolve-visa;31643283327;en;1;Ina Jacobs;31643283327;Lizlaan;25;A;9777BV;Hoek van Holland
Intersolve-voucher-whatsapp;31685676968;en;1;Harry Brouwer;31685676968;Jintheboulevard;60;bis;4235 RP;Venray
Intersolve-voucher-whatsapp;31677545707;en;1;Nel Willems;31677545707;Collinsteeg;97;A;4475 VY;Ommen
Intersolve-visa;31632874795;en;1;Theo Driessen;31632874795;Amirring;61;B;3619FG;Koningslust
Intersolve-voucher-whatsapp;31644688242;en;1;Cora Martens;31644688242;Maritsteeg;141;hs;4200 ML;Drouwen
Intersolve-voucher-whatsapp;31694817872;en;1;Freek Verhagen;31694817872;Elizabethpad;55;bis;8635 EF;Aalden
Intersolve-voucher-whatsapp;31624911791;en;1;Joke Kuipers;31624911791;Aylinsteeg;85;bis;6383 TR;Zaandam
Intersolve-visa;31618935009;en;1;Kees Scholten;31618935009;Quinnpad;55;;4239NI;Baarle-Nassau
Intersolve-visa;31616169832;en;1;Annie Zijlstra;31616169832;Catoboulevard;4;;4064WP;Schimmert
Intersolve-voucher-whatsapp;31651911614;en;1;Henk Posthuma;31651911614;Fayring;82;bis;5362WN;Wanneperveen
Intersolve-voucher-whatsapp;31641369903;en;1;Riet Kramer;31641369903;Azradreef;51;bis;7473 BA;Easterein
Intersolve-visa;31615370363;en;1;Paul Blom;31615370363;Lindseystraat;195;;9308SL;Thesinge
Intersolve-visa;31691653901;en;1;Tiny Huisman;31691653901;Larsstraat;8;;3699QL;Oude Meer
Intersolve-voucher-whatsapp;31656961829;en;1;Frans Vogels;31656961829;Sophiabaan;38;;4399RN;Opperdoes
Intersolve-visa;31659764816;en;1;Gr� Evers;31659764816;Rileyring;145;bis;7618SA;Maarheeze
Intersolve-voucher-whatsapp;31614652574;en;1;Dick Hendriks;31614652574;Evyhof;34;;8922 PC;Hedikhuizen
Intersolve-voucher-whatsapp;31654134599;en;1;Bep Bosman;31654134599;Bastiaanpad;167;B;2674 UX;Wormer
Intersolve-visa;31643116851;en;1;Jos Koster;31643116851;Nickweg;10;hs;1014KN;Schalkhaar
Intersolve-visa;31619973731;en;1;Leny Timmermans;31619973731;Teunhof;135;A;9508WB;Balinge
Intersolve-visa;31644631002;en;1;Piet Goossens;31644631002;Hendrikdreef;71;;4504 YO;Bronneger
Intersolve-voucher-whatsapp;31646187714;en;1;Ans Cornelissen;31646187714;Michadreef;24;A;7270AH;Gulpen
Intersolve-visa;31660084631;en;1;Klaas Claassen;31660084631;Joshuaweg;128;;2222 UN;Ulvenhout AC
Intersolve-visa;31662541060;en;1;Corrie Hofman;31662541060;Florispad;191;B;3924HH;Kortehemmen
Intersolve-visa;31696013581;en;1;Wim Peeters;31696013581;Linnboulevard;170;bis;4350XA;Rhenoy
Intersolve-voucher-whatsapp;31618927538;en;1;Jo Leenders;31618927538;Lotpad;85;;6628CK;Waarder
Intersolve-voucher-whatsapp;31636142896;en;1;Bert Gerrits;31636142896;Evapad;67;;9244EN;Pietersbierum
Intersolve-visa;31695518160;en;1;Trees Driesen;31695518160;Faysteeg;63;;7013 PT;Loon
Intersolve-visa;31645427164;en;1;Jaap Coolen;31645427164;Koenring;90;bis;1817NX;Mussel
Intersolve-visa;31684120834;en;1;Riny Bouwman;31684120834;Yusufpad;91;hs;2532ET;Raalte
Intersolve-voucher-whatsapp;31630544831;en;1;Ton Donkers;31630544831;Maximlaan;138;A;7524SN;Luyksgestel
Intersolve-voucher-whatsapp;31684865705;en;1;Joke Smulders;31684865705;Lizzyring;170;;1584 WR;Knegsel
Intersolve-voucher-whatsapp;31658759392;en;1;Dries Verschuren;31658759392;Stellasteeg;191;hs;9406 CV;Geldrop
Intersolve-visa;31697387835;en;1;Mien van Oirschot;31697387835;Fayedreef;65;A;8640 JX;Swalmen
Intersolve-visa;31674626826;en;1;Rob Neuteboom;31674626826;Hannahweg;39;;4203LY;Mill
Intersolve-visa;31678481944;en;1;Elly Lammers;31678481944;Tristanstraat;110;;5600 NS;Kallenkote
Intersolve-visa;31662128402;en;1;Pim Govers;31662128402;Angelinasingel;164;;5712KQ;Koudekerke
Intersolve-voucher-whatsapp;31697207345;en;1;Nel van Mook;31697207345;Mirtheboulevard;129;B;6339 MJ;Foxhol
Intersolve-visa;31699070284;en;1;Ad van Riel;31699070284;Tychohof;81;;2164BW;Voorst
Intersolve-visa;31681595234;en;1;Truus van Boxtel;31681595234;Abelweg;137;;4515 JT;Bronkhorst
Intersolve-voucher-whatsapp;31683519303;en;1;Hennie van Nunen;31683519303;Indypad;171;A;5612 YO;Opende
Intersolve-voucher-whatsapp;31691907089;en;1;Bep van Esch;31691907089;Josephinedreef;196;;8973VN;Easterwierrum
Intersolve-voucher-whatsapp;31615506842;en;1;Sjaak Loonen;31615506842;Sarahsteeg;7;;1006 PC;Rogat
Intersolve-voucher-whatsapp;31616012018;en;1;Diny van Eeten;31616012018;Kayleeweg;24;B;2831RB;Rijssen
Intersolve-visa;31668393370;en;1;Frits van Brakel;31668393370;Annabelweg;99;;8672 YV;Wellerlooi
Intersolve-voucher-whatsapp;31641028917;en;1;Ank van Happen;31641028917;Rosasingel;81;;3082DL;Zandberg
Intersolve-visa;31666392167;en;1;Nico van Herwijnen;31666392167;Louisepad;67;bis;6828 EH;Udenhout
Intersolve-visa;31690958578;en;1;Loes van Deursen;31690958578;Felinepad;174;B;1543VP;Bentveld
Intersolve-visa;31680069842;en;1;Gert van Bokhoven;31680069842;Pepijnbaan;109;A;8021 YM;Well
Intersolve-voucher-whatsapp;31665675012;en;1;Riet van Berkel;31665675012;Zoeyring;150;bis;1063 UN;Deurningen
Intersolve-visa;31637684572;en;1;Willem Bogaarts;31637684572;Aaronhof;34;;7645 KX;Westbroek
Intersolve-voucher-whatsapp;31653573637;en;1;Greetje Kempkes;31653573637;Aylinbaan;135;hs;1819 WH;Ewijk
Intersolve-visa;31653089308;en;1;Jan Verhees;31653089308;Ameliaweg;75;;5901NE;Mantinge
Intersolve-visa;31672782706;en;1;Marie van Engelen;31672782706;Ayaweg;52;B;5997 HS;St. Willebrord
Intersolve-voucher-whatsapp;31682487636;en;1;Piet van der Heide;31682487636;Marijnweg;134;B;6586YP;Panningen
Intersolve-visa;31629850932;en;1;Anna van Kessel;31629850932;Mustafaboulevard;105;B;3110 RJ;Beekbergen
Intersolve-visa;31677315958;en;1;Kees van Helmond;31677315958;Ilsesteeg;148;;9379XK;Swalmen
Intersolve-visa;31638020204;en;1;Tina van Lint;31638020204;Loekdreef;77;;2153RJ;Oldebroek
Intersolve-voucher-whatsapp;31697376404;en;1;Henk van Gerwen;31697376404;Jaydendreef;107;B;4245QO;Hulsel
Intersolve-voucher-whatsapp;31691574127;en;1;Wil van Beers;31691574127;Nickhof;91;B;7067 TC;Heveadorp
Intersolve-voucher-whatsapp;31697005968;en;1;Jaap van Zwanenburg;31697005968;Noahlaan;192;;4538 ND;Bornwird
Intersolve-visa;31670509368;en;1;Nel van Duijn;31670509368;Rileylaan;135;;3614KE;Aalsmeerderbrug
Intersolve-visa;31677437732;en;1;Dirk van Gastel;31677437732;Thijsstraat;82;;5279 GM;Maastricht
Intersolve-voucher-whatsapp;31698828515;en;1;Corrie van Dinter;31698828515;Joliepad;84;hs;2925 MD;Kamperland
Intersolve-visa;31691565072;en;1;Bram van Heesch;31691565072;Jinthelaan;116;B;6383GW;Zevenhoven
Intersolve-voucher-whatsapp;31631623267;en;1;Ria van Roekel;31631623267;Livlaan;117;B;8806LY;Schipluiden
Intersolve-voucher-whatsapp;31653973537;en;1;Ton van Harten;31653973537;Dylanpad;21;hs;8472NJ;Wateringen
Intersolve-visa;31694203958;en;1;Joke van Rijswijk;31694203958;Lucysteeg;35;;2285 IQ;Beltrum
Intersolve-voucher-whatsapp;31621608258;en;1;Bert van Breemen;31621608258;Lucashof;148;B;6156VF;Oud Annerveen
Intersolve-visa;31621748731;en;1;Ineke van Vlissingen;31621748731;Amindreef;180;hs;3324 HM;Oostkapelle
Intersolve-voucher-whatsapp;31631088670;en;1;Rob van der Does;31631088670;Guusdreef;93;;2622JO;Hempens
Intersolve-voucher-whatsapp;31664155160;en;1;Truus van der Veen;31664155160;Ceylinring;104;B;9651CT;Markelo
Intersolve-voucher-whatsapp;31615982742;en;1;Pim van der Drift;31615982742;Yinthepad;154;B;1064GI;Zuidwolde
Intersolve-visa;31648286526;en;1;Ank van der Plaats;31648286526;Ecrinhof;8;A;1010MW;Nuis
Intersolve-voucher-whatsapp;31674261532;en;1;Ad van der Wijde;31674261532;Jaydaring;176;A;8741 DF;Doornenburg
Intersolve-visa;31645140170;en;1;Leny van der Reep;31645140170;Beauring;29;A;6974NK;Drouwenerveen
Intersolve-voucher-whatsapp;31661543363;en;1;Jos van der Grift;31661543363;Thomasboulevard;187;hs;2090DK;Sambeek
Intersolve-visa;31672823433;en;1;Riny van der Klift;31672823433;Nickring;26;hs;6813IF;Weteringbrug
Intersolve-voucher-whatsapp;31627582834;en;1;Nico van der Heuvel;31627582834;Aminweg;183;;5379 YW;Kollumerzwaag
Intersolve-visa;31638262646;en;1;Trees van der Munt;31638262646;Kaihof;67;;1058OC;Enkhuizen
Intersolve-visa;31669210717;en;1;Frits van der Weerd;31669210717;Ariebaan;19;A;1710 JA;Knegsel
Intersolve-visa;31616574078;en;1;Dora van der Ruit;31616574078;Oliviaboulevard;131;bis;5236OI;Winterswijk Henxel
Intersolve-visa;31664149726;en;1;Gert van der Sluis;31664149726;Jellestraat;152;B;7906UG;Sumar
Intersolve-voucher-whatsapp;31626649715;en;1;Bep van der Kraats;31626649715;Wouthof;182;B;9738XS;Veeningen
Intersolve-visa;31616721870;en;1;Sjaak van der Giessen;31616721870;Thijnring;52;hs;9662 NY;Hattem
Intersolve-voucher-whatsapp;31625572921;en;1;Elly van der Locht;31625572921;Dylanosteeg;61;bis;7744 HD;It Heidenskip
Intersolve-voucher-whatsapp;31652104280;en;1;Daan van der Mortel;31652104280;Nadialaan;173;B;8816QG;Oldenzijl
Intersolve-visa;31662438045;en;1;Ans van der Ridder;31662438045;Jannaweg;124;;3801 BU;Wintelre
Intersolve-visa;31694172211;en;1;Teun van der Kuil;31694172211;Silring;66;bis;9364 PS;Holtum
Intersolve-visa;31667310503;en;1;Loes van der Garde;31667310503;Jordystraat;3;;9308SR;Aerdenhout
Intersolve-voucher-whatsapp;31629054696;en;1;Stijn van der Kasteele;31629054696;Kyaraboulevard;132;bis;5669GQ;Schin op Geul
Intersolve-voucher-whatsapp;31682634330;en;1;Mien van der Leur;31682634330;Maresingel;11;B;9604BA;Lievelde
Intersolve-voucher-whatsapp;31646010059;en;1;Ruud van der Riet;31646010059;Chloedreef;2;A;8667 NP;Ruinerwold
Intersolve-voucher-whatsapp;31615221004;en;1;Jo van der Pas;31615221004;Woutersteeg;179;;7537 DP;Vlierden
Intersolve-visa;31611131841;en;1;Cas van der Vijver;31611131841;Elenadreef;139;;5406 LK;Schinveld
Intersolve-voucher-whatsapp;31671083537;en;1;Riet van der Schoot;31671083537;Noorstraat;132;;6787UW;Thesinge
Intersolve-voucher-whatsapp;31626698339;en;1;Ben van der Waal;31626698339;Stijnweg;199;hs;4863 NI;Tjalhuizum
Intersolve-voucher-whatsapp;31668218690;en;1;Gr� van der Velde;31668218690;Noortjeboulevard;135;bis;4076 OD;Geersdijk
Intersolve-voucher-whatsapp;31649011887;en;1;Piet van der Wal;31649011887;Lynnsingel;155;;3512TT;Vries
Intersolve-voucher-whatsapp;31666915076;en;1;Diny van der Winkel;31666915076;Kayweg;116;B;1418 VY;Stitswerd
Intersolve-visa;31628475066;en;1;Wim van der Kolk;31628475066;Maxpad;130;bis;7172DC;Apeldoorn
Intersolve-visa;31655649086;en;1;Mientje van der Reek;31655649086;Collinweg;141;A;1754QM;Wachtum
Intersolve-voucher-whatsapp;31682356282;en;1;Gerard van der Schans;31682356282;Kayleighsteeg;163;;9312 GQ;Koedijk
Intersolve-voucher-whatsapp;31687055125;en;1;Til van der Wiel;31687055125;Yusufweg;189;;3566EW;Gauw
Intersolve-visa;31666481255;en;1;Anton van der Kuilen;31666481255;Wesselweg;95;bis;8899 OD;Maashees
Intersolve-voucher-whatsapp;31655790757;en;1;Bets van der Laak;31655790757;Juliettering;73;;4918KL;Zevenaar
Intersolve-visa;31653023596;en;1;Joep van der Weijer;31653023596;Lucasbaan;24;;6504 UJ;Papendrecht
Intersolve-visa;31667071120;en;1;Ina van der Logt;31667071120;Milolaan;99;B;1618 RG;Loppersum
Intersolve-voucher-whatsapp;31648773078;en;1;Harry van der Put;31648773078;Kianlaan;70;B;8108KG;Eursinge
Intersolve-voucher-whatsapp;31694680443;en;1;Nel van der Klei;31694680443;Suzepad;197;B;3984 MI;Barendrecht
Intersolve-voucher-whatsapp;31686816373;en;1;Theo van der Kemp;31686816373;Lenaweg;117;;6638 KN;Zweeloo
Intersolve-voucher-whatsapp;31693546036;en;1;Cora van der Braak;31693546036;Jasonring;91;A;7166EJ;Oudheusden
Intersolve-voucher-whatsapp;31694461633;en;1;Freek van der Hof;31694461633;Jobdreef;38;;9280HC;Bellingwolde
Intersolve-visa;31672127783;en;1;Joke van der Sloot;31672127783;Izelaan;67;B;7786XP;Wapse
Intersolve-visa;31678709594;en;1;Kees van der Donk;31678709594;Matthiassteeg;151;B;6254IA;Holtum
Intersolve-voucher-whatsapp;31671288274;en;1;Annie van der Klauw;31671288274;Dionpad;67;hs;6546NK;Waardenburg
Intersolve-voucher-whatsapp;31628585126;en;1;Henk van der Laag;31628585126;Linnsingel;190;bis;9607TN;Geervliet
Intersolve-voucher-whatsapp;31642674035;en;1;Riet van der Voort;31642674035;Tessalaan;111;B;1622JS;Joure
Intersolve-voucher-whatsapp;31662051611;en;1;Paul van der Kop;31662051611;Bjornboulevard;56;;2407 YE;Stellendam
Intersolve-voucher-whatsapp;31699683243;en;1;Tiny van der Kant;31699683243;Berendstraat;103;;9095 QU;Ee
Intersolve-voucher-whatsapp;31654132506;en;1;Frans van der Bemd;31654132506;Lucyweg;24;;6769 NG;Foxhol
Intersolve-visa;31626492319;en;1;Gr� van der Kolk;31626492319;Felinesteeg;53;A;8083 PK;Lage Zwaluwe
Intersolve-visa;31612203914;en;1;Dick van der Graaf;31612203914;Beratlaan;187;;3314EO;Bad Nieuweschans
Intersolve-visa;31627820561;en;1;Bep van der Voet;31627820561;Elisabethsteeg;65;A;6815 VZ;Ouwerkerk
Intersolve-voucher-whatsapp;31629992469;en;1;Jos van der Grauw;31629992469;Jordydreef;199;;3646JI;Kwadendamme
Intersolve-voucher-whatsapp;31637722132;en;1;Leny van der Bunt;31637722132;Stefanboulevard;167;;8978MR;Ven-Zelderheide
Intersolve-visa;31616324467;en;1;Piet van der Klap;31616324467;Justinpad;1;;2597 LU;Katwijk
Intersolve-voucher-whatsapp;31673572305;en;1;Ans van der Kieft;31673572305;Robinstraat;157;;4635 FB;De Pol
Intersolve-visa;31634830692;en;1;Klaas van der Koog;31634830692;Boazstraat;137;bis;3285 YE;Beek en Donk
Intersolve-voucher-whatsapp;31612635710;en;1;Corrie van der Hoorn;31612635710;Mohamedsteeg;13;;1183 FD;Raamsdonk
Intersolve-visa;31638694022;en;1;Wim van der Kam;31638694022;Luclaan;189;hs;6493 VU;Noordwijk
Intersolve-voucher-whatsapp;31634097906;en;1;Jo van der Keer;31634097906;Mustafaboulevard;172;;3342NS;Avenhorn
Intersolve-visa;31679534042;en;1;Bert van der Laar;31679534042;Danilaan;68;;5915 EH;Middelaar
Intersolve-voucher-whatsapp;31666129710;en;1;Trees van der Lee;31666129710;Mellestraat;46;bis;2438YB;Ezinge
Intersolve-visa;31692397755;en;1;Jaap van der Meer;31692397755;Kyanstraat;55;;1481VK;Oud-Alblas
Intersolve-visa;31626577486;en;1;Riny van der Moer;31626577486;Fienebaan;100;;6852 OF;Gilze
Intersolve-voucher-whatsapp;31621333325;en;1;Ton van der Reij;31621333325;Fennedreef;76;;3879 ES;Overdinkel
Intersolve-voucher-whatsapp;31665352758;en;1;Joke van der Steeg;31665352758;Brentbaan;101;;4423IW;Wildervank
Intersolve-voucher-whatsapp;31694331775;en;1;Dries van der Valk;31694331775;Marijnlaan;28;A;3372WJ;Lambertschaag
Intersolve-voucher-whatsapp;31698993159;en;1;Mien van der Wouw;31698993159;Benlaan;158;;9662ST;Drempt
Intersolve-visa;31629132935;en;1;Rob van der Zee;31629132935;Michaweg;43;hs;2323 ZB;Toldijk
Intersolve-voucher-whatsapp;31613150186;en;1;Elly Hoogendoorn;31613150186;Loesbaan;107;;7153 UA;Hoogersmilde
Intersolve-voucher-whatsapp;31618438093;en;1;Pim Noordhuis;31618438093;Joephof;127;;8718 VI;Abbenbroek
Intersolve-visa;31685544278;en;1;Nel Oosterhuis;31685544278;Jetbaan;195;hs;9624WF;Vroomshoop
Intersolve-voucher-whatsapp;31632581787;en;1;Ad Westendorp;31632581787;Evysingel;125;;5527 OC;Nieuwveen
Intersolve-visa;31658512796;en;1;Truus Zuidema;31658512796;Annabelstraat;194;;1486BV;Molkwerum
Intersolve-voucher-whatsapp;31657430536;en;1;Hennie Breugel;31657430536;Helenalaan;182;B;2902TL;Kimswerd
Intersolve-visa;31697839711;en;1;Bep Kamphuis;31697839711;Dylanodreef;139;;2981 ZU;Oentsjerk
Intersolve-voucher-whatsapp;31642112203;en;1;Sjaak Rademaker;31642112203;Rosaliedreef;77;;4880 OG;Wijngaarden
Intersolve-visa;31638788273;en;1;Diny Steenhuis;31638788273;Amystraat;131;B;3133 BV;Haastrecht
Intersolve-voucher-whatsapp;31627927700;en;1;Frits Wolthuis;31627927700;Lukahof;181;A;5370 WW;Uithuizen
Intersolve-voucher-whatsapp;31648285556;en;1;Ank Berendsen;31648285556;Stelladreef;38;A;1633 CX;Veulen
Intersolve-voucher-whatsapp;31681008151;en;1;Nico Dijkstra;31681008151;Tessastraat;50;bis;6625II;Weesp
Intersolve-visa;31653351314;en;1;Loes Holtrop;31653351314;Sennbaan;137;hs;5172 IM;Diessen
Intersolve-visa;31689897390;en;1;Gert Koopman;31689897390;Irisboulevard;106;B;4255 GG;'s-Graveland
Intersolve-voucher-whatsapp;31627333070;en;1;Riet Nieuwenhuis;31627333070;Jolieboulevard;123;;2074 JZ;Langezwaag
Intersolve-voucher-whatsapp;31639109393;en;1;Willem Oldenhuis;31639109393;Johanneslaan;69;bis;8122LN;Den Helder
Intersolve-visa;31663460680;en;1;Greetje Reinhart;31663460680;Kianpad;128;B;2128PI;Heerewaarden
Intersolve-voucher-whatsapp;31656054767;en;1;Jan Stokman;31656054767;Larslaan;62;B;8950KM;Groenekan
Intersolve-visa;31689188613;en;1;Marie Tuinman;31689188613;Marijnlaan;156;A;4252CO;Rotterdam
Intersolve-voucher-whatsapp;31675150089;en;1;Piet Vandenberg;31675150089;Ameliasingel;137;A;9301MI;Oldemarkt
Intersolve-visa;31673411421;en;1;Anna Waterink;31673411421;Esmeesteeg;130;B;7068GQ;Vlist
Intersolve-visa;31611809892;en;1;Kees Achterhuis;31611809892;Jamesbaan;166;A;9126 ES;Loon
Intersolve-voucher-whatsapp;31643262813;en;1;Tina Berghuijs;31643262813;Rooshof;160;bis;6288AL;Hellouw
Intersolve-voucher-whatsapp;31627786446;en;1;Henk Camphuis;31627786446;Sterrering;85;;7887HO;Helvoirt
Intersolve-visa;31628083538;en;1;Wil Dieleman;31628083538;Sennboulevard;36;;5322TH;Eemshaven
Intersolve-voucher-whatsapp;31696794976;en;1;Jaap Elzinga;31696794976;Haileyhof;58;;2012PL;Warstiens
Intersolve-visa;31688134429;en;1;Nel Fortuin;31688134429;Kayboulevard;145;A;5374LP;Bathmen
Intersolve-visa;31648695533;en;1;Dirk Gerritsen;31648695533;Rubensingel;58;hs;3834JV;Amsterdam
Intersolve-visa;31648173011;en;1;Corrie Harmsen;31648173011;Eveliensingel;129;hs;9180 NG;Bant
Intersolve-voucher-whatsapp;31614387563;en;1;Bram IJsselstein;31614387563;Sophiering;109;B;4476 UP;Scharwoude
Intersolve-visa;31637280008;en;1;Ria Jentink;31637280008;Isabellesingel;199;;6519 RG;Wommels
Intersolve-voucher-whatsapp;31673348370;en;1;Ton Kamerman;31673348370;Lexhof;158;A;5390FB;Wier
Intersolve-visa;31654664033;en;1;Joke Langerak;31654664033;Tarabaan;191;A;7173 ZQ;De Weere
Intersolve-voucher-whatsapp;31662766538;en;1;Bert Molenaars;31662766538;Vincentdreef;175;;8967AI;Heenvliet
Intersolve-voucher-whatsapp;31659788038;en;1;Ineke Nijenhuis;31659788038;Pippabaan;69;hs;9227NU;Loenersloot
Intersolve-voucher-whatsapp;31698255318;en;1;Rob Oldewening;31698255318;Quintenbaan;6;;6617 DV;Nijehaske
Intersolve-voucher-whatsapp;31654864021;en;1;Truus Peppink;31654864021;Jasmijnsingel;89;A;5666ED;Opperdoes
Intersolve-visa;31686238069;en;1;Pim Quispel;31686238069;Tessweg;65;A;8226SE;Spier
Intersolve-visa;31695389062;en;1;Ank Romijn;31695389062;Ninthesteeg;89;;8574 GX;Gorredijk
Intersolve-visa;31632201630;en;1;Ad Simons;31632201630;Danielweg;186;;9677JB;Wateren
Intersolve-voucher-whatsapp;31699051284;en;1;Leny Tijssen;31699051284;Esmeehof;82;A;8327YA;Midwolda
Intersolve-voucher-whatsapp;31661741071;en;1;Jos van Utrecht;31661741071;Seppboulevard;136;;6896JG;Lisse
Intersolve-voucher-whatsapp;31694157569;en;1;Riny Veenstra;31694157569;Ninthedreef;8;;7565WY;Waardhuizen
Intersolve-visa;31670707793;en;1;Nico Westerdijk;31670707793;Isabelleboulevard;103;B;6003 LY;Afferden L
Intersolve-visa;31675664791;en;1;Trees Xanten;31675664791;Isabellehof;25;;4612JA;Kessel
Intersolve-voucher-whatsapp;31695248281;en;1;Frits Ypenburg;31695248281;Fienhof;71;;2137SC;Weert
Intersolve-voucher-whatsapp;31661058185;en;1;Dora Zeegers;31661058185;Brentboulevard;29;B;1614 YR;Hitzum
Intersolve-visa;31696193100;en;1;Gert Aalders;31696193100;Valeriedreef;156;B;1456 AF;Swifterbant
Intersolve-voucher-whatsapp;31685968348;en;1;Bep Beentjes;31685968348;Emirpad;24;;7719 GV;De Cocksdorp
Intersolve-voucher-whatsapp;31613057944;en;1;Sjaak Coenders;31613057944;Brenthof;145;bis;7414JZ;Hunsel
Intersolve-voucher-whatsapp;31680674085;en;1;Elly Damen;31680674085;Tylerpad;78;A;2982 RF;Wapserveen
Intersolve-voucher-whatsapp;31681694063;en;1;Daan Eijsink;31681694063;Matthijsdreef;141;A;4670DL;Noordwolde
Intersolve-visa;31694545980;en;1;Ans Franken;31694545980;Abelhof;154;hs;8257 BI;Melick
Intersolve-visa;31665037312;en;1;Teun Geuze;31665037312;Teunpad;45;A;6240 ZX;Beek
Intersolve-visa;31687171542;en;1;Loes Hagen;31687171542;Owenpad;112;B;7501 AF;St. Willebrord
Intersolve-visa;31648990242;en;1;Stijn IJsseldijk;31648990242;Lukaboulevard;65;hs;1825 LG;Oosteind
Intersolve-voucher-whatsapp;31622695398;en;1;Mien Joosten;31622695398;Alyssadreef;136;B;1383 JI;Warten
Intersolve-voucher-whatsapp;31646728966;en;1;Ruud Kamps;31646728966;Helenapad;33;bis;6757AW;Hansweert
Intersolve-visa;31611369434;en;1;Jo Ligtenberg;31611369434;Sennlaan;191;B;7633 LP;Eesterga
Intersolve-visa;31633742728;en;1;Cas Manders;31633742728;Tristandreef;168;hs;9859RX;Vrouwenparochie
Intersolve-voucher-whatsapp;31699483024;en;1;Riet Nooijen;31699483024;Laurensingel;140;hs;7445AS;Peest
Intersolve-visa;31678552388;en;1;Ben Oosterink;31678552388;Esmeesteeg;159;B;8278 DT;Terneuzen
Intersolve-voucher-whatsapp;31623678664;en;1;Gr� Pluim;31623678664;Milouhof;175;A;4163 BI;Sloten
Intersolve-visa;31654030159;en;1;Piet Quaedvlieg;31654030159;Niekstraat;20;hs;8723 KA;Wiuwert
Intersolve-visa;31625106438;en;1;Diny Ruijter;31625106438;Ceylindreef;174;A;1209 EJ;Haren Gn
Intersolve-voucher-whatsapp;31646579174;en;1;Wim Stokvis;31646579174;Ryanstraat;197;B;6854OJ;Benschop
Intersolve-voucher-whatsapp;31615829944;en;1;Mientje Thijssen;31615829944;Zoeybaan;75;A;2666WY;Egmond-Binnen
Intersolve-visa;31638033040;en;1;Gerard Uilenberg;31638033040;Mehmethof;98;bis;6371VL;Valthe
Intersolve-voucher-whatsapp;31660128072;en;1;Til Verkuijl;31660128072;Janneboulevard;31;hs;2636 NH;Hulten
Intersolve-visa;31692230084;en;1;Anton Wesselink;31692230084;Kyraboulevard;70;B;5953PW;Aduard
Intersolve-visa;31665124310;en;1;Bets Xander;31665124310;Noutstraat;138;;8468 ND;Menaam
Intersolve-visa;31618425012;en;1;Joep Ykema;31618425012;Aylinsingel;98;;1626EF;Hoedekenskerke
Intersolve-visa;31665168245;en;1;Ina Zwarts;31665168245;Sethhof;118;;8844 MT;Haarsteeg
Intersolve-voucher-whatsapp;31655783178;en;1;Harry Alberda;31655783178;Selenaring;154;;2467 CZ;Rolde
Intersolve-voucher-whatsapp;31694470077;en;1;Nel Berends;31694470077;Bodreef;71;B;5090 UY;Hijum
Intersolve-voucher-whatsapp;31629570896;en;1;Theo Coerts;31629570896;Jolijnweg;104;hs;3171FU;Berlicum
Intersolve-voucher-whatsapp;31687255824;en;1;Cora Dekema;31687255824;Lizzdreef;14;;7286 YA;Sint Jansteen
Intersolve-voucher-whatsapp;31665306805;en;1;Freek Eising;31665306805;Dewisingel;200;;2298 PL;Heijen
Intersolve-visa;31646733227;en;1;Joke Fokkema;31646733227;Annesteeg;11;;3337 YV;Made
Intersolve-visa;31676411887;en;1;Kees Gerdes;31676411887;Samsteeg;136;hs;9479 LJ;Jellum
Intersolve-voucher-whatsapp;31659033219;en;1;Annie Heerma;31659033219;Izehof;142;B;4652 SI;Uitwijk
Intersolve-voucher-whatsapp;31664506015;en;1;Henk IJtsma;31664506015;Micksingel;122;;3592 CA;Oosternieland
Intersolve-visa;31642380905;en;1;Riet Jongkind;31642380905;Dylanbaan;160;A;9463 QP;Dalem
Intersolve-visa;31664150590;en;1;Paul Keijzer;31664150590;Colinweg;144;B;7078 AG;Stokkum
Intersolve-visa;31639271656;en;1;Tiny Lenting;31639271656;Chloepad;30;;9608RJ;Rijsbergen
Intersolve-voucher-whatsapp;31668089963;en;1;Frans Meinders;31668089963;Oliviapad;109;;9678 TY;Leveroy
Intersolve-voucher-whatsapp;31667580787;en;1;Gr� Nienhuis;31667580787;Elinsteeg;65;;6515KP;Nijelamer
Intersolve-visa;31617930655;en;1;Dick Ottens;31617930655;Majasteeg;158;bis;3965MG;Huijbergen
Intersolve-voucher-whatsapp;31669732013;en;1;Bep Postma;31669732013;Rowandreef;97;B;7564FE;Stoutenburg
Intersolve-voucher-whatsapp;31620547416;en;1;Jos Renting;31620547416;Thijnsteeg;194;B;7651 WB;Elkenrade
Intersolve-voucher-whatsapp;31640602082;en;1;Leny Staveren;31640602082;Rubenring;180;A;7100XP;Cromvoirt
Intersolve-visa;31655820029;en;1;Piet Tjepkema;31655820029;Eliasweg;15;B;5621 CQ;Waterhuizen
Intersolve-visa;31672559079;en;1;Ans Uildriks;31672559079;Ibrahimboulevard;132;A;7102KX;Rijnsburg
Intersolve-voucher-whatsapp;31637027176;en;1;Klaas Veldman;31637027176;Esmeestraat;88;;2474QD;Giessenburg
Intersolve-visa;31633084821;en;1;Corrie Wiegman;31633084821;Elizelaan;150;;2456ZZ;Veessen
Intersolve-voucher-whatsapp;31679312916;en;1;Wim Xanten;31679312916;Eliasboulevard;54;bis;4894 LN;Gameren
Intersolve-visa;31689712024;en;1;Jo Ykema;31689712024;Ariepad;102;;9103EQ;Dreumel
Intersolve-visa;31631794943;en;1;Bert Zijlstra;31631794943;Nielsdreef;26;A;9347ON;Wassenaar
Intersolve-voucher-whatsapp;31664345818;en;1;Trees Abbink;31664345818;Kianpad;85;;4885WN;Wirdum
Intersolve-visa;31633336040;en;1;Jaap Bergsma;31633336040;Bibiboulevard;174;bis;3832 XH;Hoog Soeren
Intersolve-voucher-whatsapp;31682195376;en;1;Riny Cornelis;31682195376;Morrisbaan;95;bis;4169CK;Marienberg
Intersolve-visa;31638102015;en;1;Ton Dijkema;31638102015;Jordydreef;111;bis;7006QP;Poppenwier
Intersolve-voucher-whatsapp;31699846490;en;1;Joke Ebbinge;31699846490;Lucweg;139;;8750 QY;Schoonloo
Intersolve-voucher-whatsapp;31671217616;en;1;Dries Faber;31671217616;Merelring;69;A;3305 PB;Santpoort-Zuid
Intersolve-visa;31652617347;en;1;Mien Gosselink;31652617347;Louisehof;4;bis;2954HW;Wadenoijen
Intersolve-voucher-whatsapp;31684668145;en;1;Rob Heeringa;31684668145;Irispad;28;;9210TJ;Baarn
Intersolve-visa;31614208984;en;1;Elly IJpelaar;31614208984;Berendboulevard;47;bis;8001FW;Bellingwolde
Intersolve-voucher-whatsapp;31635314034;en;1;Pim Jager;31635314034;Suzesingel;171;hs;8494MX;Zoetermeer
Intersolve-voucher-whatsapp;31665505088;en;1;Nel Koekkoek;31665505088;Jaydaweg;40;A;2712 DZ;Huijbergen
Intersolve-visa;31621866079;en;1;Ad Lanting;31621866079;Fleurbaan;66;;2210XO;Bontebok
Intersolve-voucher-whatsapp;31681063540;en;1;Truus Miedema;31681063540;Noordreef;102;;7373KE;Walem
Intersolve-visa;31688293241;en;1;Hennie Nijkamp;31688293241;Dirksteeg;138;;3446KV;De Wilgen
Intersolve-voucher-whatsapp;31623196150;en;1;Bep Oosting;31623196150;Novaweg;2;hs;6328 AG;Kaatsheuvel
Intersolve-visa;31611780447;en;1;Sjaak Postema;31611780447;Elizabethsingel;109;A;4734 TL;Coevorden
Intersolve-visa;31695859827;en;1;Diny Renting;31695859827;Masonring;88;;4264VZ;Cadier en Keer
Intersolve-visa;31660006608;en;1;Frits Sikkema;31660006608;Stefdreef;20;hs;5101 YD;Skingen
Intersolve-visa;31692859126;en;1;Ank Terpstra;31692859126;Liamweg;45;bis;5382 ZM;Termunten
Intersolve-visa;31650411776;en;1;Nico Uilenberg;31650411776;Jaylinnstraat;132;A;2773 ZF;Kommerzijl
Intersolve-visa;31661229283;en;1;Loes Veldkamp;31661229283;Yusufpad;180;hs;8261 PE;Hollandsche Rading
Intersolve-visa;31633392323;en;1;Gert Wierda;31633392323;Juulhof;64;bis;6559ZL;Oudeschild
Intersolve-voucher-whatsapp;31643839645;en;1;Riet Xylander;31643839645;Danipad;31;hs;8226LH;Heelsum
Intersolve-visa;31660052407;en;1;Willem Ykema;31660052407;Jaribaan;100;;5641 EU;Wamel
Intersolve-visa;31612779926;en;1;Greetje Zwalve;31612779926;Levisingel;165;bis;5440 KU;Vierhuizen
Intersolve-visa;31698335330;en;1;Jan Alberts;31698335330;Aylinstraat;133;A;8218MO;Kerkwijk
Intersolve-visa;31697956714;en;1;Marie Berends;31697956714;Aminboulevard;6;B;1629 ZU;Hedikhuizen
Intersolve-voucher-whatsapp;31687967942;en;1;Piet Coerts;31687967942;Quinnboulevard;72;;8278PX;Startenhuizen
Intersolve-voucher-whatsapp;31623321511;en;1;Anna Dekkers;31623321511;Zakariasteeg;43;hs;2898WD;Halsteren
Intersolve-visa;31694905898;en;1;Kees Enting;31694905898;Jasmijnsteeg;144;;1552 OH;Koufurderrige
Intersolve-voucher-whatsapp;31647797825;en;1;Tina Fokkens;31647797825;Mohammedstraat;198;hs;8080 PU;Sebaldeburen
Intersolve-voucher-whatsapp;31655658434;en;1;Henk Gietema;31655658434;Loeshof;129;bis;6134 AV;Landsmeer
Intersolve-visa;31698174700;en;1;Wil Heeringa;31698174700;Evelienstraat;179;bis;5059WU;Mantinge
Intersolve-voucher-whatsapp;31651003505;en;1;Jaap IJtsma;31651003505;Maartjepad;52;bis;9085QM;Nistelrode
Intersolve-voucher-whatsapp;31668653208;en;1;Nel Jansen;31668653208;Merlering;93;A;9833GE;Uitgeest
Intersolve-voucher-whatsapp;31688419898;en;1;Dirk Keijzer;31688419898;Ryansingel;146;B;9185AZ;Kraggenburg
Intersolve-visa;31692122980;en;1;Corrie Lenting;31692122980;Tijnring;200;;2355 SG;Slootdorp
Intersolve-visa;31647372356;en;1;Bram Meinders;31647372356;Siennahof;188;B;1762 YE;Enkhuizen
Intersolve-voucher-whatsapp;31688967094;en;1;Ria Nienhuis;31688967094;Jasmijnsingel;37;B;7846 SU;Steyl
Intersolve-voucher-whatsapp;31673962044;en;1;Ton Ottens;31673962044;Sofiasteeg;65;B;5576UY;Lekkum
Intersolve-voucher-whatsapp;31674055084;en;1;Joke Postma;31674055084;Wouterhof;72;hs;6507 LQ;Hobrede
Intersolve-voucher-whatsapp;31611128009;en;1;Bert Renting;31611128009;Nynkelaan;4;A;4505 OT;Ameide
Intersolve-visa;31616769773;en;1;Ineke Staveren;31616769773;Mohamedsteeg;65;A;5108 ZJ;Roggel
Intersolve-visa;31677088814;en;1;Rob Tjepkema;31677088814;Pleunpad;19;hs;5880MG;Vilsteren
Intersolve-visa;31656120499;en;1;Truus Uildriks;31656120499;Jordylaan;140;bis;5019SW;Hattemerbroek
Intersolve-visa;31674169625;en;1;Pim Veldman;31674169625;Jadedreef;148;A;9877VG;Ballum
Intersolve-voucher-whatsapp;31624777070;en;1;Ank Wiegman;31624777070;Renskesteeg;101;;4423 EG;Schiphol
Intersolve-visa;31660217555;en;1;Ad Xanten;31660217555;Sepsteeg;22;;3903 FS;Terhole
Intersolve-visa;31678027802;en;1;Leny Ykema;31678027802;Maaikesteeg;40;;4300 SP;Uithoorn
Intersolve-visa;31668579344;en;1;Jos Zijlstra;31668579344;Oscarboulevard;8;;1966 AF;Bovensmilde
Intersolve-voucher-whatsapp;31672949234;en;1;Riny Abbink;31672949234;Pukboulevard;98;bis;5061IN;Vredepeel
Intersolve-visa;31637649560;en;1;Nico Bergsma;31637649560;Stijnstraat;152;hs;1128JJ;Oosthuizen
Intersolve-visa;31652706088;en;1;Trees Cornelis;31652706088;Tijndreef;173;hs;1164 HD;Boxmeer
Intersolve-visa;31643084680;en;1;Frits Dijkema;31643084680;Lennhof;62;bis;5813LY;Winterswijk Woold
Intersolve-visa;31646580555;en;1;Dora Ebbinge;31646580555;Jornstraat;74;A;7964 KO;'t Zandt
Intersolve-voucher-whatsapp;31651800654;en;1;Gert Faber;31651800654;Abelhof;92;;2860 EJ;Waardenburg
Intersolve-visa;31694341512;en;1;Bep Gosselink;31694341512;Alexpad;58;B;2049 YB;Siddeburen
Intersolve-visa;31626038211;en;1;Sjaak Heeringa;31626038211;Inayaboulevard;90;bis;2309 JC;Streefkerk
Intersolve-voucher-whatsapp;31678626990;en;1;Elly IJpelaar;31678626990;Johanneslaan;23;hs;4417 MX;Geertruidenberg
Intersolve-voucher-whatsapp;31696064395;en;1;Daan Jager;31696064395;Danibaan;54;;3241 JC;Hoevelaken
Intersolve-voucher-whatsapp;31667421698;en;1;Ans Koekkoek;31667421698;Jensring;6;B;4258 MC;Meerstad
Intersolve-visa;31651620509;en;1;Teun Lanting;31651620509;Vincenthof;158;B;1095GM;Melissant
Intersolve-voucher-whatsapp;31672115317;en;1;Loes Miedema;31672115317;Mehmetboulevard;66;hs;3021KQ;Klaaswaal
Intersolve-visa;31631344978;en;1;Stijn Nijkamp;31631344978;Bramring;14;B;1286 PJ;Leur
Intersolve-visa;31661384491;en;1;Mien Oosting;31661384491;Rensring;34;;9340 JJ;Holtum
Intersolve-visa;31623652339;en;1;Ruud Postema;31623652339;Aliciastraat;29;bis;5251 CO;Holwierde
Intersolve-visa;31693819627;en;1;Jo Renting;31693819627;Julietteboulevard;191;A;5789 LK;Rheden
Intersolve-voucher-whatsapp;31631443643;en;1;Cas Sikkema;31631443643;Amyweg;32;;6820MN;Ane
Intersolve-visa;31670819999;en;1;Riet Terpstra;31670819999;Morrislaan;99;;2168 JI;De Wilp
Intersolve-visa;31656229794;en;1;Ben Uilenberg;31656229794;Femkehof;184;hs;3426 FN;Darp
Intersolve-voucher-whatsapp;31638353613;en;1;Gr� Veldkamp;31638353613;Tijnhof;186;;9168 VA;Boornbergum
Intersolve-visa;31680867656;en;1;Piet Wierda;31680867656;Simonsteeg;52;hs;4842YY;Dirksland
Intersolve-voucher-whatsapp;31622301116;en;1;Diny Xylander;31622301116;Zoeystraat;170;bis;1709JX;Achlum
Intersolve-visa;31640804618;en;1;Wim Ykema;31640804618;Gijspad;69;;9781 WK;Muntendam
Intersolve-visa;31627129953;en;1;Mientje Zwalve;31627129953;Gerrithof;172;;4526VY;Luxwoude
Intersolve-visa;31615969897;en;1;Gerard Alberts;31615969897;Annabelring;106;B;1996TQ;Dalerveen
Intersolve-voucher-whatsapp;31682036694;en;1;Til Berends;31682036694;Aimeering;103;B;4619VM;Moordrecht
Intersolve-visa;31643837024;en;1;Anton Coerts;31643837024;Jessebaan;48;hs;2433 CA;Schoondijke
Intersolve-visa;31639061517;en;1;Bets Dekkers;31639061517;Danielsingel;117;;1533 FI;Leerdam
Intersolve-voucher-whatsapp;31677305706;en;1;Joep Enting;31677305706;Jaydenbaan;55;bis;2632FY;Krommenie
Intersolve-visa;31699815335;en;1;Ina Fokkens;31699815335;Lynnsingel;174;;6745IU;Eastermar
Intersolve-visa;31691395979;en;1;Harry Gietema;31691395979;Stellaweg;109;bis;5783 NU;Ten Post
Intersolve-visa;31696624621;en;1;Nel Heeringa;31696624621;Bradleyweg;45;hs;4426HL;Vianen
Intersolve-visa;31656087015;en;1;Theo IJtsma;31656087015;Zoeboulevard;131;bis;9048JT;Deinum
Intersolve-voucher-whatsapp;31631328284;en;1;Cora Jansen;31631328284;Lottelaan;169;hs;9259PZ;Heerjansdam
Intersolve-visa;31621963344;en;1;Freek Keijzer;31621963344;Mirthesteeg;88;;9148VC;Klooster Lidlum
Intersolve-voucher-whatsapp;31660687283;en;1;Joke Lenting;31660687283;Collinbaan;12;hs;4677 AP;Werkendam
Intersolve-visa;31697093587;en;1;Kees Meinders;31697093587;Philipring;38;B;8117BT;De Goorn
Intersolve-voucher-whatsapp;31691702927;en;1;Annie Nienhuis;31691702927;Lindeweg;12;hs;4553 XL;Belt-Schutsloot
Intersolve-visa;31630186960;en;1;Henk Ottens;31630186960;Colindreef;145;bis;6056 CU;Kimswerd
Intersolve-visa;31683678754;en;1;Riet Postma;31683678754;Suussteeg;103;hs;9376 NK;Beemte Broekland
Intersolve-voucher-whatsapp;31657168805;en;1;Paul Renting;31657168805;Lynnboulevard;101;B;1778 ME;Hernen
Intersolve-voucher-whatsapp;31619624576;en;1;Tiny Staveren;31619624576;Oscarpad;121;;5405 JF;Losdorp
Intersolve-voucher-whatsapp;31612101172;en;1;Frans Tjepkema;31612101172;Isabellapad;5;bis;3317 ZG;Kwadendamme
Intersolve-voucher-whatsapp;31686244737;en;1;Gr� Uildriks;31686244737;Amirastraat;151;;9605 NU;Woldendorp
Intersolve-voucher-whatsapp;31692347418;en;1;Dick Veldman;31692347418;Quintystraat;39;hs;5030HT;Zuidlaarderveen
Intersolve-voucher-whatsapp;31663731511;en;1;Bep Wiegman;31663731511;Mohammedlaan;17;hs;3381PN;St.-Jacobiparochie
Intersolve-voucher-whatsapp;31642331953;en;1;Jos Xanten;31642331953;Victoriapad;107;bis;3479 BI;Roosteren
Intersolve-visa;31652712709;en;1;Leny Ykema;31652712709;Anoukpad;148;hs;2061RW;Hedel
Intersolve-visa;31624583741;en;1;Piet Zijlstra;31624583741;Milasingel;10;hs;9042TD;Ossenisse
Intersolve-visa;31680108639;en;1;Ans Abbink;31680108639;Chloering;26;B;8688LL;Dinteloord
Intersolve-voucher-whatsapp;31671573788;en;1;Klaas Bergsma;31671573788;Jaydenlaan;95;hs;2860 WZ;Meerssen
Intersolve-visa;31640850503;en;1;Corrie Cornelis;31640850503;Marinusdreef;164;B;1010 JG;Kloosterzande
Intersolve-visa;31655254856;en;1;Wim Dijkema;31655254856;Frederiqueboulevard;125;;8666XS;Loenersloot
Intersolve-visa;31696011715;en;1;Jo Ebbinge;31696011715;Lunaboulevard;139;bis;4052 RB;Schouwerzijl
Intersolve-voucher-whatsapp;31699710611;en;1;Bert Faber;31699710611;Mellebaan;129;hs;9941 MJ;Veeningen
Intersolve-visa;31698354406;en;1;Trees Gosselink;31698354406;Stijnsteeg;42;B;9854KB;Vreeland
Intersolve-voucher-whatsapp;31688195426;en;1;Jaap Heeringa;31688195426;Esmeedreef;55;A;7805 OE;Galder
Intersolve-visa;31636974957;en;1;Riny IJpelaar;31636974957;Jasonbaan;151;;8531ZI;Balgoij
Intersolve-voucher-whatsapp;31640088442;en;1;Ton Jager;31640088442;Tylerhof;82;hs;5794ZZ;Gauw
Intersolve-voucher-whatsapp;31623715586;en;1;Joke Koekkoek;31623715586;Dinaboulevard;93;B;6923 II;Hemrik
Intersolve-voucher-whatsapp;31628382271;en;1;Dries Lanting;31628382271;Esilastraat;156;B;8685YM;Buggenum
Intersolve-visa;31684823041;en;1;Mien Miedema;31684823041;Elenalaan;183;;8548 UY;Nederasselt
Intersolve-visa;31640121754;en;1;Rob Nijkamp;31640121754;Zoeyring;68;bis;7146WD;Wilsum
Intersolve-voucher-whatsapp;31698276283;en;1;Elly Oosting;31698276283;Lizzystraat;147;hs;3820 WX;Gasselternijveenschemond
Intersolve-visa;31632903040;en;1;Pim Postema;31632903040;Maartenring;20;;4595NG;Ulft
Intersolve-visa;31646809237;en;1;Nel Renting;31646809237;Rosaliepad;69;bis;4230WH;Oostburg
Intersolve-visa;31659500025;en;1;Ad Sikkema;31659500025;Jortpad;33;B;5996 RF;Rijkevoort-De Walsert
Intersolve-voucher-whatsapp;31614324078;en;1;Truus Terpstra;31614324078;Jasmijnpad;61;A;1129 EN;Langeveen
Intersolve-visa;31650445663;en;1;Hennie Uilenberg;31650445663;Bentelaan;71;;6821VI;Sterksel
Intersolve-voucher-whatsapp;31641876353;en;1;Bep Veldkamp;31641876353;Noahstraat;13;;1343 FT;Rozenburg
Intersolve-voucher-whatsapp;31641168753;en;1;Sjaak Wierda;31641168753;Angelinahof;53;hs;1738LC;Druten
Intersolve-visa;31686320671;en;1;Diny Xylander;31686320671;Yasminboulevard;141;B;9102 SC;Rozenburg
Intersolve-voucher-whatsapp;31627454203;en;1;Frits Ykema;31627454203;Pukdreef;76;hs;5036 MQ;Borne
Intersolve-visa;31646159612;en;1;Ank Zwalve;31646159612;Felineweg;10;bis;1622PC;Langenboom
Intersolve-voucher-whatsapp;31642423575;en;1;Nico Alberts;31642423575;Bradleyhof;192;;1551XG;Erp
Intersolve-visa;31673801326;en;1;Loes Berends;31673801326;Isabelweg;81;bis;6351 TJ;Tjerkwerd
Intersolve-visa;31616960961;en;1;Gert Coerts;31616960961;Evibaan;143;;1780 JB;Vethuizen
Intersolve-voucher-whatsapp;31665689826;en;1;Riet Dekkers;31665689826;Woutpad;48;A;7817 QQ;Neerloon
Intersolve-visa;31623926336;en;1;Willem Enting;31623926336;Tomlaan;30;hs;5261FP;Marken
Intersolve-visa;31661192848;en;1;Greetje Fokkens;31661192848;Aaliyahbaan;151;hs;9053VE;Hoofddorp
Intersolve-visa;31680229090;en;1;Jan Gietema;31680229090;Suuslaan;185;B;6085 MV;'t Veld
Intersolve-voucher-whatsapp;31678001684;en;1;Marie Heeringa;31678001684;Rayanlaan;51;;2913 HR;Zorgvlied
Intersolve-voucher-whatsapp;31694879355;en;1;Piet IJtsma;31694879355;Jenssingel;57;;3855QD;Winde
Intersolve-visa;31659715677;en;1;Anna Jansen;31659715677;Selinasteeg;4;bis;5574 XZ;Tijnje
Intersolve-visa;31685408715;en;1;Kees Keijzer;31685408715;Livsingel;43;B;2378LV;Middelaar
Intersolve-visa;31667877793;en;1;Tina Lenting;31667877793;Isabelstraat;3;A;9410 KI;Genderen
Intersolve-visa;31634566860;en;1;Henk Meinders;31634566860;Jellesingel;135;A;4519 UQ;Lottum
Intersolve-visa;31618786785;en;1;Wil Nienhuis;31618786785;Alisingel;136;A;6879 TZ;Frieschepalen
Intersolve-visa;31616429808;en;1;Jaap Ottens;31616429808;Borisring;114;B;5197 FT;Winssen
Intersolve-visa;31649453141;en;1;Nel Postma;31649453141;Tygoweg;126;hs;3436RO;Zeijerveld
Intersolve-voucher-whatsapp;31665355668;en;1;Dirk Renting;31665355668;Noudhof;84;bis;3329YB;Rheeze
Intersolve-visa;31638875940;en;1;Corrie Staveren;31638875940;Nielsbaan;50;hs;3021 KX;'s-Gravenpolder
Intersolve-visa;31693807894;en;1;Bram Tjepkema;31693807894;Milodreef;49;;2836 BX;Den Ilp
Intersolve-voucher-whatsapp;31671058131;en;1;Ria Uildriks;31671058131;Inayastraat;149;bis;5353EN;Zeijen
Intersolve-voucher-whatsapp;31643600781;en;1;Ton Veldman;31643600781;Ninahof;94;;8466 NQ;Waskemeer
Intersolve-voucher-whatsapp;31657293708;en;1;Joke Wiegman;31657293708;Iansingel;6;;1629 MP;Vroomshoop
Intersolve-voucher-whatsapp;31688531686;en;1;Bert Xanten;31688531686;Hiddepad;182;hs;7625 UQ;Lage Vuursche
Intersolve-voucher-whatsapp;31646078753;en;1;Ineke Ykema;31646078753;Sannelaan;87;;5930GW;Westhoek
Intersolve-voucher-whatsapp;31636634232;en;1;Rob Zijlstra;31636634232;Stenstraat;50;;3253 DX;Vianen
Intersolve-voucher-whatsapp;31650941516;en;1;Truus Abbink;31650941516;Yfkepad;156;hs;1902IG;Niekerk
Intersolve-voucher-whatsapp;31693865121;en;1;Pim Bergsma;31693865121;Elizeboulevard;154;;9210 AI;Huisseling
Intersolve-voucher-whatsapp;31679232122;en;1;Ank Cornelis;31679232122;Vincepad;155;bis;9635UV;Hulten
Intersolve-visa;31688776515;en;1;Ad Dijkema;31688776515;Daphnebaan;69;;1317 VR;Vlagtwedde
Intersolve-voucher-whatsapp;31668167898;en;1;Leny Ebbinge;31668167898;Dylanoboulevard;145;bis;2769 BH;Urmond
Intersolve-voucher-whatsapp;31651222636;en;1;Jos Faber;31651222636;Kaistraat;66;B;4967 DP;Ell
Intersolve-visa;31642148009;en;1;Riny Gosselink;31642148009;Rafaelhof;155;;8196IM;Nieuwehorne
Intersolve-voucher-whatsapp;31672917805;en;1;Nico Heeringa;31672917805;Robinlaan;118;B;2856LZ;Sommelsdijk
Intersolve-visa;31611590200;en;1;Trees IJpelaar;31611590200;Jenniferstraat;131;bis;3589 IJ;Wedde
Intersolve-visa;31680955115;en;1;Frits Jager;31680955115;Jamielaan;180;bis;2950 ZW;Aardenburg
Intersolve-voucher-whatsapp;31653791972;en;1;Dora Koekkoek;31653791972;Lindesteeg;179;;5105NG;Niawier
Intersolve-visa;31676066569;en;1;Gert Lanting;31676066569;Lizzdreef;99;bis;3392 PT;Froombosch
Intersolve-visa;31656149692;en;1;Bep Miedema;31656149692;Feddedreef;165;;2619 TW;Wommels
Intersolve-voucher-whatsapp;31668022194;en;1;Sjaak Nijkamp;31668022194;Imranbaan;3;B;8641WY;Kommerzijl
Intersolve-visa;31625787728;en;1;Elly Oosting;31625787728;Hendrikbaan;79;bis;5479NG;Lage Vuursche
Intersolve-visa;31665382821;en;1;Daan Postema;31665382821;Noraweg;84;B;8802 OS;Walem
Intersolve-voucher-whatsapp;31675101593;en;1;Ans Renting;31675101593;Samuelring;151;;9818 UE;Muiderberg
Intersolve-visa;31631545548;en;1;Teun Sikkema;31631545548;Elenasteeg;184;;9117 LS;Veenklooster
Intersolve-voucher-whatsapp;31675081384;en;1;Loes Terpstra;31675081384;Danielsingel;31;;8543VV;Ezinge
Intersolve-visa;31630540116;en;1;Stijn Uilenberg;31630540116;Veerleweg;33;;1258 TN;Zwaagdijk-Oost
Intersolve-voucher-whatsapp;31681202242;en;1;Mien Veldkamp;31681202242;Samring;60;;5567JJ;Koudekerke
Intersolve-visa;31664310292;en;1;Ruud Wierda;31664310292;Tessabaan;194;hs;5207 XT;Ven-Zelderheide
Intersolve-voucher-whatsapp;31673861746;en;1;Jo Xylander;31673861746;Evelienpad;78;B;6123GN;Zorgvlied
Intersolve-voucher-whatsapp;31628224547;en;1;Cas Ykema;31628224547;Aidenweg;108;hs;7511 PO;Dalerpeel
Intersolve-voucher-whatsapp;31672641995;en;1;Riet Zwalve;31672641995;Nathandreef;19;A;2972VH;Rijnsburg
Intersolve-voucher-whatsapp;31626056174;en;1;Ben Alberts;31626056174;Jimstraat;60;hs;8671 IR;Stavoren
Intersolve-visa;31622028975;en;1;Gr� Berends;31622028975;Silpad;159;A;2874 MK;Gemonde
Intersolve-visa;31648325460;en;1;Piet Coerts;31648325460;Daniquesteeg;63;;4941 AE;Zeijerveld
Intersolve-voucher-whatsapp;31673984834;en;1;Diny Dekkers;31673984834;Miaboulevard;98;A;8078 DH;Nunspeet
Intersolve-visa;31665815254;en;1;Wim Enting;31665815254;Victorboulevard;185;B;2905 EQ;Bedum
Intersolve-voucher-whatsapp;31627593020;en;1;Mientje Fokkens;31627593020;Guusjedreef;1;;7152SH;Tiel
Intersolve-voucher-whatsapp;31675176597;en;1;Gerard Gietema;31675176597;Annemijnweg;114;bis;3048 XG;Bemelen
Intersolve-visa;31612802423;en;1;Til Heeringa;31612802423;Tirzastraat;173;A;5285 HO;Benthuizen
Intersolve-visa;31647471862;en;1;Anton IJtsma;31647471862;Renskestraat;95;bis;6284IH;Terheijden
Intersolve-voucher-whatsapp;31649245853;en;1;Bets Jansen;31649245853;Philipdreef;132;bis;1495 IC;Goudswaard
Intersolve-voucher-whatsapp;31667797056;en;1;Joep Keijzer;31667797056;Bastiaansingel;155;;8888JL;Maarn
Intersolve-voucher-whatsapp;31669766468;en;1;Ina Lenting;31669766468;Bensteeg;141;;9681 EY;Basse
Intersolve-voucher-whatsapp;31655798865;en;1;Harry Meinders;31655798865;Lukaslaan;110;;7519 HN;Donderen
Intersolve-voucher-whatsapp;31671877105;en;1;Nel Nienhuis;31671877105;Joliepad;30;hs;2848 UC;Milsbeek
Intersolve-visa;31666803122;en;1;Theo Ottens;31666803122;Lennweg;156;;9870MF;Diffelen
Intersolve-voucher-whatsapp;31685178119;en;1;Cora Postma;31685178119;Abelsteeg;112;B;3606UH;Berkenwoude
Intersolve-visa;31693528253;en;1;Freek Renting;31693528253;Josephinelaan;14;;2589DM;Muiden
Intersolve-visa;31674225877;en;1;Joke Staveren;31674225877;Teundreef;34;B;4722II;Overberg
Intersolve-visa;31687643956;en;1;Kees Tjepkema;31687643956;Yusufweg;18;A;3910HY;Mook
Intersolve-visa;31630106368;en;1;Annie Uildriks;31630106368;Johannesstraat;173;;7880CS;Posterholt
Intersolve-voucher-whatsapp;31629346769;en;1;Henk Veldman;31629346769;Jamespad;188;;9076DK;Loenen aan de Vecht
Intersolve-visa;31628796506;en;1;Riet Wiegman;31628796506;Jaridreef;17;;4729ZL;Garsthuizen
Intersolve-visa;31633461516;en;1;Paul Xanten;31633461516;Julianpad;9;hs;9927 YL;Dedgum
Intersolve-voucher-whatsapp;31649798262;en;1;Tiny Ykema;31649798262;Matsboulevard;86;;6435 RY;Nieuw-Roden
Intersolve-visa;31635438083;en;1;Frans Zijlstra;31635438083;Sepsingel;144;A;5737VE;Mheer
Intersolve-voucher-whatsapp;31674309509;en;1;Gr� van Aalst;31674309509;Pepijnlaan;52;B;5209 GZ;Mheer
Intersolve-voucher-whatsapp;31629130104;en;1;Dick Bakhuizen;31629130104;Pukboulevard;149;hs;9528KK;Kerk Avezaath
Intersolve-voucher-whatsapp;31662031360;en;1;Bep Campmans;31662031360;Fienebaan;60;A;8690 PP;Slootdorp
Intersolve-visa;31695125818;en;1;Jos Dongen;31695125818;Colinbaan;101;;5376 FN;Deurne
Intersolve-visa;31694641431;en;1;Leny Eikenhout;31694641431;Izesingel;143;;9980BI;Huizen
Intersolve-voucher-whatsapp;31651461435;en;1;Piet Franssen;31651461435;Beausteeg;10;B;3211KJ;Oosterwolde
Intersolve-voucher-whatsapp;31626378521;en;1;Ans Goedhart;31626378521;Johannesdreef;105;;9736 SS;Hoornaar
Intersolve-visa;31645717617;en;1;Klaas Heemskerk;31645717617;Jennasteeg;145;A;8213 SX;Thesinge
Intersolve-visa;31653053201;en;1;Corrie IJzelenberg;31653053201;Stanboulevard;195;A;9482 SZ;Ane
Intersolve-visa;31622001167;en;1;Wim Jongbloed;31622001167;Emirstraat;58;A;9909 UP;Boornbergum
Intersolve-voucher-whatsapp;31651464669;en;1;Jo Kouwenhoven;31651464669;Juliuspad;26;;3143PZ;Iens
Intersolve-voucher-whatsapp;31665776980;en;1;Bert Langeraar;31665776980;Laurabaan;186;A;6423JM;Britsum
Intersolve-visa;31624075098;en;1;Trees Miltenburg;31624075098;Loesbaan;114;A;8898 MC;Middelburg
Intersolve-visa;31632067316;en;1;Jaap Nieuwpoort;31632067316;Sannebaan;12;;7936FR;Winssen
Intersolve-voucher-whatsapp;31683703956;en;1;Riny Oosterbeek;31683703956;Colinlaan;89;;2526MZ;Gaanderen
Intersolve-visa;31688750392;en;1;Ton Poppeliers;31688750392;Loisboulevard;114;A;3929 FE;Oude-Tonge
Intersolve-visa;31641518984;en;1;Joke Quakernaat;31641518984;Feddepad;171;A;3085 PN;Zevenaar
Intersolve-visa;31638412070;en;1;Dries Rozendaal;31638412070;Gijslaan;15;A;5306 RJ;Bavel AC
Intersolve-visa;31665290313;en;1;Mien Spoorenberg;31665290313;Kyradreef;192;;2540BK;Loppersum
Intersolve-visa;31658436561;en;1;Rob Tuinenburg;31658436561;Felinesteeg;23;;2433 YM;Meerstad
Intersolve-visa;31697758280;en;1;Elly Uiterwijk;31697758280;Cornelissingel;74;;6810 ZM;Pietersbierum
Intersolve-voucher-whatsapp;31626876421;en;1;Pim Veldhoven;31626876421;Adamring;135;bis;2550 DM;Hoevelaken
Intersolve-visa;31684585008;en;1;Nel Westerbeek;31684585008;Jornsteeg;185;;9047PG;Guttecoven
Intersolve-voucher-whatsapp;31619742109;en;1;Ad Ysselsteijn;31619742109;Izesingel;196;A;6748ZJ;Ospel
Intersolve-voucher-whatsapp;31646281067;en;1;Truus Zonneveld;31646281067;Elizaboulevard;90;B;3744II;Obdam
Intersolve-voucher-whatsapp;31660412273;en;1;Hennie Achterberg;31660412273;Abelbaan;196;;8446 LS;Oirschot
Intersolve-voucher-whatsapp;31627713642;en;1;Bep Beukenkamp;31627713642;Hannahlaan;174;bis;3397 SZ;Eersel
Intersolve-visa;31650928926;en;1;Sjaak Cornelissen;31650928926;Marksingel;110;A;4620 QM;'s-Graveland
Intersolve-voucher-whatsapp;31614861992;en;1;Diny Doorenbos;31614861992;Tijmenring;88;A;2029NZ;Surhuizum
Intersolve-visa;31623469409;en;1;Frits Egberink;31623469409;Timobaan;62;;5059QA;Drouwenerveen
Intersolve-voucher-whatsapp;31678921049;en;1;Ank Flikweert;31678921049;Arthurboulevard;71;hs;8989 OK;Zandeweer
Intersolve-voucher-whatsapp;31656088357;en;1;Nico Gerritsen;31656088357;Jaydenlaan;86;B;5856ZQ;Huisduinen
Intersolve-voucher-whatsapp;31615620027;en;1;Loes Hakkenberg;31615620027;Ninahof;117;B;2486KX;Nieuw-Weerdinge
Intersolve-voucher-whatsapp;31637199558;en;1;Gert IJsselmeer;31637199558;Sarahhof;81;bis;4590KV;Vroomshoop
Intersolve-voucher-whatsapp;31699022300;en;1;Riet Jongeneelen;31699022300;Chloering;131;;5069 ZI;De Punt
Intersolve-voucher-whatsapp;31618310941;en;1;Willem Koopenberg;31618310941;Sterrebaan;33;B;5927 UG;Giessenburg
Intersolve-visa;31650768440;en;1;Greetje Lammertink;31650768440;Mohamedlaan;78;hs;6384YN;Ammerstol
Intersolve-visa;31689859342;en;1;Jan Meulenberg;31689859342;Noralaan;141;;9294 CT;Marrum
Intersolve-visa;31682037092;en;1;Marie Nieuwenhof;31682037092;Danilaan;43;bis;9278 GP;Malden
Intersolve-visa;31647438822;en;1;Piet Oosterberg;31647438822;Jaydenlaan;35;A;3258 KG;IJzendijke
Intersolve-visa;31640081679;en;1;Anna Poppeliers;31640081679;Ricksingel;157;B;2713NT;Buitenkaag
Intersolve-visa;31688962374;en;1;Kees Rozenburg;31688962374;Zeynepstraat;92;;5395DN;Spannum
Intersolve-voucher-whatsapp;31621598105;en;1;Tina Spiekerman;31621598105;Majadreef;44;B;7664UT;Wolsum
Intersolve-voucher-whatsapp;31693305864;en;1;Henk Tuinman;31693305864;Bilalbaan;80;;5823NC;Stevensweert
Intersolve-voucher-whatsapp;31683109225;en;1;Wil Uitgeest;31683109225;Rosalielaan;40;hs;8919II;Strijensas
Intersolve-voucher-whatsapp;31621694029;en;1;Jaap Veldhuizen;31621694029;Leonweg;116;;1887CD;Beugen
Intersolve-visa;31670797096;en;1;Nel Westerveld;31670797096;Piendreef;176;B;2561 YK;Delwijnen
Intersolve-visa;31653272823;en;1;Dirk Ysselstein;31653272823;Danielsteeg;176;A;6583 HY;Appingedam
Intersolve-voucher-whatsapp;31638292266;en;1;Corrie Zonneveld;31638292266;Liekepad;137;;6056 PD;Kampen
Intersolve-visa;31653927629;en;1;Bram Arendsen;31653927629;Marijnsteeg;186;A;9032UA;Hooge Mierde
Intersolve-voucher-whatsapp;31663525338;en;1;Ria Beukema;31663525338;Hamzastraat;189;B;6632 BO;Haarsteeg
Intersolve-voucher-whatsapp;31688126957;en;1;Ton Cornelissen;31688126957;Milouweg;129;;7862XW;Lutjebroek
Intersolve-voucher-whatsapp;31617133837;en;1;Joke Doorman;31617133837;Maartenring;88;;2267MY;Oostkapelle
Intersolve-visa;31680614399;en;1;Bert Eggink;31680614399;Ameliapad;48;bis;5716 FW;Ingber
Intersolve-visa;31614591131;en;1;Ineke Flikkema;31614591131;Elenaweg;70;hs;5944 XG;Uddel
Intersolve-visa;31634062287;en;1;Rob Gerritsen;31634062287;Jakering;16;A;1041UG;Oost-Souburg
Intersolve-voucher-whatsapp;31658263762;en;1;Truus Hakkesteegt;31658263762;Thijnsteeg;84;hs;3085VR;Gemonde
Intersolve-voucher-whatsapp;31633603942;en;1;Pim IJsselmeer;31633603942;Jaylinnsteeg;63;B;6477 WU;Twisk
Intersolve-visa;31654021504;en;1;Ank Jongeneelen;31654021504;Rileypad;60;B;1190SY;Oosthem
Intersolve-visa;31618200215;en;1;Ad Koopenberg;31618200215;Jonassteeg;51;;6423 QH;Punthorst
Intersolve-visa;31677373183;en;1;Leny Lammertink;31677373183;Robinbaan;58;B;2408MW;Oudorp
Intersolve-voucher-whatsapp;31676226369;en;1;Jos Meulenberg;31676226369;Loekpad;37;A;8781 SH;Hattem
Intersolve-visa;31674917628;en;1;Riny Nieuwenhof;31674917628;Jaydendreef;20;B;8967 XW;Zwiggelte
Intersolve-voucher-whatsapp;31668870664;en;1;Nico Oosterberg;31668870664;Jayring;113;hs;4111FI;Noordwijk
Intersolve-voucher-whatsapp;31694049459;en;1;Trees Poppeliers;31694049459;Stefansingel;47;hs;8505LE;Ried
Intersolve-voucher-whatsapp;31612698314;en;1;Frits Rozenburg;31612698314;Kyralaan;51;bis;3303AG;Rijnsaterwoude
Intersolve-visa;31691690508;en;1;Dora Spiekerman;31691690508;Fatimaweg;71;A;6591ZR;Thorn
Intersolve-visa;31635259772;en;1;Gert Tuinman;31635259772;Nieksingel;196;A;2832JJ;Kesteren
Intersolve-visa;31666598456;en;1;Bep Uitgeest;31666598456;Suzesteeg;198;A;1952SZ;Broekhuizenvorst
Intersolve-visa;31672984466;en;1;Sjaak Veldhuizen;31672984466;Nadiaweg;42;bis;6056 GV;Tolbert
Intersolve-voucher-whatsapp;31629597859;en;1;Elly Westerveld;31629597859;Milouhof;48;;7043ZW;Sexbierum
Intersolve-voucher-whatsapp;31629221653;en;1;Daan Ysselstein;31629221653;Mauritspad;22;hs;6508XI;Wezuperbrug
Intersolve-visa;31696044386;en;1;Ans Zonneveld;31696044386;Seppbaan;174;;7602NV;De Meern
Intersolve-visa;31636200410;en;1;Teun Arendsen;31636200410;Oliviadreef;23;bis;3024 KO;Mijdrecht
Intersolve-visa;31632498245;en;1;Loes Beukema;31632498245;Timopad;155;B;1367 RI;Nieuw Heeten
Intersolve-visa;31622920529;en;1;Stijn Cornelissen;31622920529;Siennaboulevard;148;;1773XT;Hei- en Boeicop
Intersolve-visa;31673034535;en;1;Mien Doorman;31673034535;Lennsingel;56;B;3657XH;Warmenhuizen
Intersolve-voucher-whatsapp;31651778347;en;1;Ruud Eggink;31651778347;Nisaweg;142;;2488 XZ;Leimuiderbrug
Intersolve-visa;31677592968;en;1;Jo Flikkema;31677592968;Noutpad;94;bis;9550GE;Alteveer
Intersolve-voucher-whatsapp;31688591730;en;1;Cas Gerritsen;31688591730;Tygosteeg;35;bis;2119OC;Ens
Intersolve-visa;31651868996;en;1;Riet Hakkesteegt;31651868996;Elizaboulevard;131;B;9658 AW;Boerakker
Intersolve-voucher-whatsapp;31651456533;en;1;Ben IJsselmeer;31651456533;Annasingel;155;B;7369 PC;Formerum
Intersolve-visa;31676433191;en;1;Gr� Jongeneelen;31676433191;Elisabethpad;124;B;6235AJ;Winterswijk Miste
Intersolve-voucher-whatsapp;31617501979;en;1;Piet Koopenberg;31617501979;Olafdreef;19;B;1450CU;Everdingen
Intersolve-visa;31611448793;en;1;Diny Lammertink;31611448793;Lizadreef;169;;7807 HM;Erlecom
Intersolve-voucher-whatsapp;31695015332;en;1;Wim Meulenberg;31695015332;Noabaan;5;A;3941 RV;Dalerveen
Intersolve-voucher-whatsapp;31651311011;en;1;Mientje Nieuwenhof;31651311011;Isabellehof;58;B;8825OF;Benneveld
Intersolve-voucher-whatsapp;31655384015;en;1;Gerard Oosterberg;31655384015;Quintenstraat;65;B;1173HP;Malden
Intersolve-voucher-whatsapp;31637737655;en;1;Til Poppeliers;31637737655;Jintheboulevard;107;;6253 RQ;Dalen
Intersolve-voucher-whatsapp;31698035961;en;1;Anton Rozenburg;31698035961;Maryamring;42;;7659 HZ;Kapel Avezaath
Intersolve-voucher-whatsapp;31637647910;en;1;Bets Spiekerman;31637647910;Suzepad;13;;6878IF;Mastenbroek
Intersolve-voucher-whatsapp;31696339897;en;1;Joep Tuinman;31696339897;Fennabaan;111;hs;1421TI;Longerhouw
Intersolve-visa;31639001073;en;1;Ina Uitgeest;31639001073;Ivyring;72;B;7663 OP;Harbrinkhoek
Intersolve-voucher-whatsapp;31656922051;en;1;Harry Veldhuizen;31656922051;Mirthehof;148;B;3412GL;Goutum
Intersolve-voucher-whatsapp;31617518160;en;1;Nel Westerveld;31617518160;Nadineweg;173;A;5458CR;It Heidenskip
Intersolve-voucher-whatsapp;31626708685;en;1;Theo Ysselstein;31626708685;Ameliaboulevard;37;B;3061 ON;Oudkarspel
Intersolve-visa;31693813952;en;1;Cora Zonneveld;31693813952;Norahdreef;102;B;8006KE;Foxhol
Intersolve-visa;31684335640;en;1;Freek Arendsen;31684335640;Arondreef;102;bis;1661 HW;Ossenwaard
Intersolve-visa;31636605599;en;1;Joke Beukema;31636605599;Collinstraat;124;;6843TM;Scharendijke
Intersolve-visa;31630631619;en;1;Kees Cornelissen;31630631619;Michellelaan;10;;1704 WT;De Heurne
Intersolve-visa;31674023316;en;1;Annie Doorman;31674023316;Jessering;21;;2178FL;De Pol
Intersolve-visa;31632590421;en;1;Henk Eggink;31632590421;Nadinepad;10;hs;7780 IE;Schelluinen
Intersolve-voucher-whatsapp;31647236689;en;1;Riet Flikkema;31647236689;Elinepad;146;bis;8906 GL;Vogelenzang
Intersolve-voucher-whatsapp;31615189015;en;1;Paul Gerritsen;31615189015;Kayring;134;A;8420 UT;Nijeholtpade
Intersolve-voucher-whatsapp;31698068251;en;1;Tiny Hakkesteegt;31698068251;Pleundreef;102;;1235 TX;Velddriel
Intersolve-voucher-whatsapp;31646325954;en;1;Frans IJsselmeer;31646325954;Fieneboulevard;142;;4078 EH;Oudewater
Intersolve-voucher-whatsapp;31618641893;en;1;Gr� Jongeneelen;31618641893;Elizabethboulevard;43;hs;9391 CQ;De Lier
Intersolve-voucher-whatsapp;31635951144;en;1;Dick Koopenberg;31635951144;Selenadreef;14;;9578WD;Venhuizen
Intersolve-voucher-whatsapp;31662789162;en;1;Bep Lammertink;31662789162;Noellesingel;91;bis;3282ZR;Katwijk NB
Intersolve-visa;31630651167;en;1;Jos Meulenberg;31630651167;Hannalaan;177;;9824TV;Voorthuizen
Intersolve-voucher-whatsapp;31671774919;en;1;Leny Nieuwenhof;31671774919;Merelboulevard;23;bis;1890 DM;Spijk Gn
Intersolve-voucher-whatsapp;31640006271;en;1;Piet Oosterberg;31640006271;Boazweg;50;A;1202 TY;Sterksel
Intersolve-visa;31689737530;en;1;Ans Poppeliers;31689737530;Casperlaan;114;;4266 KG;Vierhuizen
Intersolve-voucher-whatsapp;31665278301;en;1;Klaas Rozenburg;31665278301;Nicksteeg;146;B;7915JN;Vledder
Intersolve-visa;31676545377;en;1;Corrie Spiekerman;31676545377;Lizzbaan;146;bis;3754PJ;Burgerveen
Intersolve-voucher-whatsapp;31621902662;en;1;Wim Tuinman;31621902662;Jolijnweg;3;hs;4547 QK;Luttenberg
Intersolve-visa;31695528069;en;1;Jo Uitgeest;31695528069;Dexboulevard;157;;4505 KU;Nieuwerkerk aan den IJssel
Intersolve-voucher-whatsapp;31642039933;en;1;Bert Veldhuizen;31642039933;Jimring;168;A;3655VI;Almen
Intersolve-visa;31657800306;en;1;Trees Westerveld;31657800306;Jadeweg;103;bis;7298 PA;Hengstdijk
Intersolve-visa;31618678275;en;1;Jaap Ysselstein;31618678275;Lizzysingel;81;B;7342 QK;Mijnsheerenland
Intersolve-visa;31665089058;en;1;Riny Zonneveld;31665089058;Mayaring;44;B;7830NE;Rohel
Intersolve-visa;31657069921;en;1;Ton Arendsen;31657069921;Amirahof;47;;4532 SP;Elim
Intersolve-voucher-whatsapp;31663801778;en;1;Joke Beukema;31663801778;Thijshof;60;hs;9421MK;Wichmond
Intersolve-voucher-whatsapp;31623702197;en;1;Dries Cornelissen;31623702197;Bilalring;44;hs;1626 UN;Winterswijk Kotten
Intersolve-voucher-whatsapp;31627660886;en;1;Mien Doorman;31627660886;Bibisingel;152;A;7945MO;Vlierden
Intersolve-voucher-whatsapp;31669385727;en;1;Rob Eggink;31669385727;Jayring;173;A;1051RN;Avenhorn
Intersolve-visa;31633985772;en;1;Elly Flikkema;31633985772;Woutbaan;88;;7594BU;Schermerhorn
Intersolve-voucher-whatsapp;31640888571;en;1;Pim Gerritsen;31640888571;Lucassingel;98;;4765FF;Meijel
Intersolve-visa;31687550012;en;1;Nel Hakkesteegt;31687550012;Adamlaan;159;bis;4392YS;Ferwert
Intersolve-voucher-whatsapp;31685447193;en;1;Ad IJsselmeer;31685447193;Noutring;137;bis;7633 KE;Geleen
Intersolve-voucher-whatsapp;31681257424;en;1;Truus Jongeneelen;31681257424;Joostdreef;53;;4363 KY;Westergeest
Intersolve-visa;31672020179;en;1;Hennie Koopenberg;31672020179;Joeybaan;185;;3026 ZK;Siebengewald
Intersolve-visa;31649577553;en;1;Bep Lammertink;31649577553;Lotweg;138;bis;7015PM;Schagerbrug
Intersolve-visa;31615386125;en;1;Sjaak Meulenberg;31615386125;Jaydensteeg;114;bis;8957IC;Halle
Intersolve-visa;31699800996;en;1;Diny Nieuwenhof;31699800996;Lukapad;122;bis;1157WA;Heel
Intersolve-visa;31661404730;en;1;Frits Oosterberg;31661404730;Guusjeboulevard;151;A;5442DZ;Kortehemmen
Intersolve-voucher-whatsapp;31641712394;en;1;Ank Poppeliers;31641712394;Zoeybaan;126;bis;1143GT;Nieuwland
Intersolve-voucher-whatsapp;31647212800;en;1;Nico Rozenburg;31647212800;Anoukpad;90;A;2597 QD;Eeserveen
Intersolve-voucher-whatsapp;31613286658;en;1;Loes Spiekerman;31613286658;Jeltehof;47;;8482 GK;Vorden
Intersolve-visa;31675331875;en;1;Gert Tuinman;31675331875;Boazstraat;172;;5736 JC;Blokker
Intersolve-visa;31699797632;en;1;Riet Uitgeest;31699797632;Jacksteeg;115;B;3063 LP;Marrum
Intersolve-voucher-whatsapp;31615296637;en;1;Willem Veldhuizen;31615296637;Kyanhof;86;;4534AA;Bontebok
Intersolve-visa;31642612175;en;1;Greetje Westerveld;31642612175;Danielsteeg;100;;3802MR;Firdgum
Intersolve-voucher-whatsapp;31639954201;en;1;Jan Ysselstein;31639954201;Lottesingel;72;bis;9495RS;Geersdijk
Intersolve-voucher-whatsapp;31632822574;en;1;Marie Zonneveld;31632822574;Berathof;85;hs;6062 DJ;Surhuisterveen
Intersolve-visa;31621049047;en;1;Piet Arendsen;31621049047;Jannalaan;43;bis;4785KH;Staphorst
Intersolve-voucher-whatsapp;31664954605;en;1;Anna Beukema;31664954605;Irislaan;158;;5041 AB;Vragender
Intersolve-voucher-whatsapp;31694512996;en;1;Kees Cornelissen;31694512996;Kayleesteeg;130;A;7555BK;Wierum
Intersolve-voucher-whatsapp;31651742968;en;1;Tina Doorman;31651742968;Loeklaan;38;B;9105SA;Giessen
Intersolve-visa;31619079565;en;1;Henk Eggink;31619079565;Casboulevard;157;A;8181 OU;Bavel
Intersolve-visa;31627314927;en;1;Wil Flikkema;31627314927;Leviboulevard;56;bis;4340 WG;Hulsberg
Intersolve-visa;31688355550;en;1;Jaap Gerritsen;31688355550;Marklaan;27;;3227EK;Deest
Intersolve-visa;31667318776;en;1;Nel Hakkesteegt;31667318776;Felixpad;109;;3630IS;Rhenen
Intersolve-voucher-whatsapp;31619311140;en;1;Dirk IJsselmeer;31619311140;Boazboulevard;39;B;4951QS;Oldeholtpade
Intersolve-voucher-whatsapp;31688254425;en;1;Corrie Jongeneelen;31688254425;Lucboulevard;72;bis;4303 BQ;Tzum
Intersolve-visa;31686603044;en;1;Bram Koopenberg;31686603044;Lottedreef;100;bis;8169PJ;Appeltern
Intersolve-voucher-whatsapp;31698547187;en;1;Ria Lammertink;31698547187;Zarapad;78;;3498 UL;Heesselt
Intersolve-voucher-whatsapp;31680342962;en;1;Ton Meulenberg;31680342962;Fabianpad;165;hs;4082DP;Ezinge
Intersolve-voucher-whatsapp;31653213051;en;1;Joke Nieuwenhof;31653213051;Melleboulevard;81;B;3113 VL;Egmond aan den Hoef
Intersolve-visa;31643657929;en;1;Bert Oosterberg;31643657929;Sofiaweg;26;bis;9653 KJ;Oudemolen
Intersolve-visa;31635357147;en;1;Ineke Poppeliers;31635357147;Finnpad;115;A;7063LO;Blaricum
Intersolve-voucher-whatsapp;31623657048;en;1;Rob Rozenburg;31623657048;Janweg;28;hs;8770 IJ;Godlinze
Intersolve-voucher-whatsapp;31619753374;en;1;Truus Spiekerman;31619753374;Rickweg;127;;6810TP;Nunhem
Intersolve-voucher-whatsapp;31644012040;en;1;Pim Tuinman;31644012040;Naudsingel;186;hs;8596 MM;Hoogersmilde
Intersolve-voucher-whatsapp;31669938890;en;1;Ank Uitgeest;31669938890;Matthiasboulevard;144;hs;2317 BL;Nederweert
Intersolve-voucher-whatsapp;31645325057;en;1;Ad Veldhuizen;31645325057;Thijmenpad;83;bis;3791 OT;Grijpskerke
Intersolve-voucher-whatsapp;31618310056;en;1;Leny Westerveld;31618310056;Oscarboulevard;138;A;1857GA;Spijkerboor
Intersolve-visa;31699122194;en;1;Jos Ysselstein;31699122194;Adrianahof;62;hs;9249ZD;Siddeburen
Intersolve-visa;31692668276;en;1;Riny Zonneveld;31692668276;Zoeylaan;153;A;3575UT;Keijenborg
Intersolve-visa;31630943327;en;1;Nico Arendsen;31630943327;Lizeweg;200;B;1262 DU;Oss
Intersolve-visa;31642967261;en;1;Trees Beukema;31642967261;Merijnhof;85;bis;4909GH;Almen
Intersolve-visa;31670831661;en;1;Frits Cornelissen;31670831661;Bensteeg;89;B;8303AU;Heijningen
Intersolve-voucher-whatsapp;31641293336;en;1;Dora Doorman;31641293336;Felixlaan;154;hs;9825BI;Leur
Intersolve-voucher-whatsapp;31680602233;en;1;Gert Eggink;31680602233;Amirweg;54;B;4265SW;Ermelo
Intersolve-visa;31699500253;en;1;Bep Flikkema;31699500253;Damianstraat;81;bis;7922ZE;Fijnaart
Intersolve-voucher-whatsapp;31675885437;en;1;Sjaak Gerritsen;31675885437;Milousteeg;172;A;3340CV;Graft
Intersolve-visa;31668647903;en;1;Elly Hakkesteegt;31668647903;Merlelaan;100;;2642CO;Fleringen
Intersolve-voucher-whatsapp;31695501290;en;1;Daan IJsselmeer;31695501290;Tylerboulevard;155;hs;2630OV;Leersum
Intersolve-visa;31620574231;en;1;Ans Jongeneelen;31620574231;Larabaan;60;;7230OU;Sint Anthonis
Intersolve-voucher-whatsapp;31626609584;en;1;Teun Koopenberg;31626609584;Sannestraat;99;A;6649VP;Lageland
Intersolve-voucher-whatsapp;31615343254;en;1;Loes Lammertink;31615343254;Xaviboulevard;25;bis;2857 YH;Lellens
Intersolve-visa;31624611541;en;1;Stijn Meulenberg;31624611541;Renskeboulevard;90;;3774ES;Rijkevoort
Intersolve-voucher-whatsapp;31611907740;en;1;Mien Nieuwenhof;31611907740;Catharinastraat;40;;3287 VI;Oud Annerveen
Intersolve-visa;31630939467;en;1;Ruud Oosterberg;31630939467;Bilaldreef;193;B;4803 HJ;Warffum
Intersolve-visa;31699021693;en;1;Jo Poppeliers;31699021693;Masonpad;97;bis;4456NX;Eersel
Intersolve-voucher-whatsapp;31670292878;en;1;Cas Rozenburg;31670292878;Guusjebaan;139;;4375SU;Saasveld
Intersolve-voucher-whatsapp;31668728335;en;1;Riet Spiekerman;31668728335;Alyssasteeg;54;A;4732 RF;Rinsumageast
Intersolve-visa;31611558452;en;1;Ben Tuinman;31611558452;Nikkipad;43;hs;6919 JR;Moerdijk
Intersolve-voucher-whatsapp;31620066544;en;1;Gr� Uitgeest;31620066544;Lunaboulevard;150;hs;7241 CO;Uitgeest
Intersolve-visa;31681761345;en;1;Piet Veldhuizen;31681761345;Rowandreef;111;A;2298CQ;Hooglanderveen
Intersolve-voucher-whatsapp;31665299432;en;1;Diny Westerveld;31665299432;Bilalsingel;156;;7812 NF;Sint Philipsland
Intersolve-voucher-whatsapp;31659089518;en;1;Wim Ysselstein;31659089518;Casweg;153;A;7179VD;Eibergen
Intersolve-visa;31668827288;en;1;Mientje Zonneveld;31668827288;Lizzboulevard;92;A;8353 CT;Rijs
Intersolve-visa;31694193342;en;1;Gerard Arendsen;31694193342;Catostraat;61;;7024UA;Santpoort-Zuid
Intersolve-voucher-whatsapp;31634786690;en;1;Til Beukema;31634786690;Floortjeboulevard;152;bis;2476 YT;Sterksel
Intersolve-visa;31683907634;en;1;Anton Cornelissen;31683907634;Ariesteeg;167;;1512VK;Warffum
Intersolve-visa;31671659702;en;1;Bets Doorman;31671659702;Rubendreef;137;bis;4092RZ;Nooitgedacht
Intersolve-visa;31630691437;en;1;Joep Eggink;31630691437;Ameliapad;54;B;2941ZL;Luxwoude
Intersolve-visa;31640026440;en;1;Ina Flikkema;31640026440;Faasweg;72;;1501XJ;Snikzwaag
Intersolve-voucher-whatsapp;31649777666;en;1;Harry Gerritsen;31649777666;Danieldreef;17;bis;1267VG;Zeist
Intersolve-voucher-whatsapp;31630229693;en;1;Nel Hakkesteegt;31630229693;Faystraat;8;hs;5395 ZV;Havelterberg
Intersolve-voucher-whatsapp;31613983382;en;1;Theo IJsselmeer;31613983382;Alexanderweg;51;;1075 TU;Leeuwarden
Intersolve-visa;31628249210;en;1;Cora Jongeneelen;31628249210;Lilydreef;53;;3090 YS;Ellewoutsdijk
Intersolve-visa;31648847468;en;1;Freek Koopenberg;31648847468;Bastiaanbaan;185;;3413XG;Oostkapelle
Intersolve-voucher-whatsapp;31693180174;en;1;Joke Lammertink;31693180174;Juulbaan;11;B;3784ZC;Zijderveld
Intersolve-visa;31660320682;en;1;Kees Meulenberg;31660320682;Sennasingel;19;;7879PR;Eagum
Intersolve-visa;31629239432;en;1;Annie Nieuwenhof;31629239432;Gijshof;103;B;2234XW;Tuk
Intersolve-visa;31651241161;en;1;Henk Oosterberg;31651241161;Bensingel;115;;5666YX;Driehuis NH
Intersolve-voucher-whatsapp;31660652039;en;1;Riet Poppeliers;31660652039;Bashof;171;B;2386 DE;Acquoy
Intersolve-visa;31622047194;en;1;Paul Rozenburg;31622047194;Mellestraat;111;B;1403NP;Rouveen
Intersolve-voucher-whatsapp;31626159179;en;1;Tiny Spiekerman;31626159179;Jayboulevard;193;bis;9761 AN;Marwijksoord
Intersolve-visa;31680871298;en;1;Frans Tuinman;31680871298;Nadiasteeg;51;;2464 WN;Langelille
Intersolve-visa;31659618950;en;1;Gr� Uitgeest;31659618950;Hamzasteeg;61;A;2174PP;Koewacht
Intersolve-visa;31627250229;en;1;Dick Veldhuizen;31627250229;Hugosteeg;62;;9098 DK;Achthuizen
Intersolve-voucher-whatsapp;31636219561;en;1;Bep Westerveld;31636219561;Tijndreef;117;hs;9948NV;Waaksens
Intersolve-voucher-whatsapp;31698132515;en;1;Jos Ysselstein;31698132515;Bibihof;146;;5856DK;Jouswier
Intersolve-visa;31637425956;en;1;Leny Zonneveld;31637425956;Rickbaan;45;hs;7368 ER;Bakhuizen
Intersolve-visa;31633636163;en;1;Piet Arendsen;31633636163;Majalaan;12;bis;4090 PN;Azewijn
Intersolve-voucher-whatsapp;31675491552;en;1;Ans Beukema;31675491552;Jornring;107;A;8959QR;Surhuisterveen
Intersolve-visa;31677317376;en;1;Klaas Cornelissen;31677317376;Aronsingel;178;;1247QN;Niebert
Intersolve-voucher-whatsapp;31680655950;en;1;Corrie Doorman;31680655950;Marinusstraat;107;B;8419SO;Vinkenbuurt
Intersolve-visa;31622967509;en;1;Wim Eggink;31622967509;Fiensingel;130;bis;3097 LW;Wyns
Intersolve-visa;31694651652;en;1;Jo Flikkema;31694651652;Fiensteeg;177;hs;7884 YK;Berkhout
Intersolve-voucher-whatsapp;31630987969;en;1;Bert Gerritsen;31630987969;Fayepad;150;;8579 SI;Oude-Tonge
Intersolve-voucher-whatsapp;31617338688;en;1;Trees Hakkesteegt;31617338688;Jentebaan;31;A;2080PV;Heijenrath
Intersolve-visa;31684632544;en;1;Jaap IJsselmeer;31684632544;Jinthehof;112;A;7387SX;Lieren
Intersolve-visa;31679803395;en;1;Riny Jongeneelen;31679803395;Siennaweg;94;A;7662DI;Terwolde
Intersolve-visa;31613008245;en;1;Ton Koopenberg;31613008245;Julesstraat;74;;5382 PP;Graft
Intersolve-voucher-whatsapp;31615343067;en;1;Joke Lammertink;31615343067;Ayoubdreef;164;;2441YL;Schalkwijk
Intersolve-voucher-whatsapp;31638006670;en;1;Dries Meulenberg;31638006670;Mariapad;18;hs;5532 KD;Bruinehaar
Intersolve-voucher-whatsapp;31618646326;en;1;Mien Nieuwenhof;31618646326;Siemstraat;24;bis;4182 OK;Buchten
Intersolve-visa;31627964059;en;1;Rob Oosterberg;31627964059;Davesingel;33;hs;6147 DE;Uden
Intersolve-voucher-whatsapp;31630322648;en;1;Elly Poppeliers;31630322648;Leahdreef;165;hs;9733IS;Vuren
Intersolve-voucher-whatsapp;31659033795;en;1;Pim Rozenburg;31659033795;Liekesingel;62;hs;3894ZQ;Mook
Intersolve-voucher-whatsapp;31621616154;en;1;Nel Spiekerman;31621616154;Majahof;123;;7565 AM;Teeffelen
Intersolve-voucher-whatsapp;31688117201;en;1;Ad Tuinman;31688117201;Timopad;113;;7552OE;Herkingen
Intersolve-visa;31635900725;en;1;Truus Uitgeest;31635900725;Duukhof;54;hs;8513AK;Zwartebroek
Intersolve-voucher-whatsapp;31656147974;en;1;Hennie Veldhuizen;31656147974;Josephineweg;27;;3044 DS;Buurmalsen
Intersolve-voucher-whatsapp;31677293822;en;1;Bep Westerveld;31677293822;Juleshof;28;A;8041GA;Rolde
Intersolve-visa;31691741776;en;1;Sjaak Ysselstein;31691741776;Marijnsingel;177;;8542 FY;Tolbert
Intersolve-visa;31638165598;en;1;Diny Zonneveld;31638165598;Zaralaan;1;hs;2822UQ;Pietersbierum
Intersolve-voucher-whatsapp;31624029954;en;1;Frits Arendsen;31624029954;Teunweg;61;;6242WQ;Alphen aan den Rijn
Intersolve-voucher-whatsapp;31689674167;en;1;Ank Beukema;31689674167;Helenapad;125;hs;9365WV;Hitzum
Intersolve-visa;31690927344;en;1;Nico Cornelissen;31690927344;Daniring;147;bis;3629 SY;Hoensbroek
Intersolve-voucher-whatsapp;31686896747;en;1;Loes Doorman;31686896747;Stenstraat;101;;3472XH;Tynaarlo
Intersolve-visa;31696398478;en;1;Gert Eggink;31696398478;Nisadreef;172;hs;1806 NM;Retranchement
Intersolve-voucher-whatsapp;31657921772;en;1;Riet Flikkema;31657921772;Kyanoweg;113;A;2561YM;Riethoven
Intersolve-voucher-whatsapp;31656370823;en;1;Willem Gerritsen;31656370823;Nikkiring;83;bis;1398CO;Ledeacker
Intersolve-voucher-whatsapp;31613553432;en;1;Greetje Hakkesteegt;31613553432;Alilaan;132;A;4322YW;Moerkapelle
Intersolve-voucher-whatsapp;31653212917;en;1;Jan IJsselmeer;31653212917;Jenssteeg;117;B;1048GB;Leerdam
Intersolve-visa;31643289016;en;1;Marie Jongeneelen;31643289016;Esilapad;83;hs;8975ZS;Egmond aan den Hoef
Intersolve-voucher-whatsapp;31637022922;en;1;Piet Koopenberg;31637022922;Tessring;195;;5992 NV;Ouderkerk aan den IJssel
Intersolve-voucher-whatsapp;31637172024;en;1;Anna Lammertink;31637172024;Lennsteeg;176;hs;8531 OE;Lage Zwaluwe
Intersolve-voucher-whatsapp;31613023357;en;1;Kees Meulenberg;31613023357;Sjoerdlaan;123;;3864LB;Saaksum
Intersolve-visa;31624707506;en;1;Tina Nieuwenhof;31624707506;Elifstraat;79;;6811RK;Nijehaske
Intersolve-visa;31611910101;en;1;Henk Oosterberg;31611910101;Lorenzopad;38;bis;6351DF;Striep
Intersolve-visa;31641198672;en;1;Wil Poppeliers;31641198672;Elinedreef;93;B;3766MA;Nijkerkerveen
Intersolve-voucher-whatsapp;31682342598;en;1;Jaap Rozenburg;31682342598;Linadreef;139;B;7848BI;Waverveen
Intersolve-visa;31664552659;en;1;Nel Spiekerman;31664552659;Michaelsingel;28;hs;6532QZ;Schoonrewoerd
Intersolve-visa;31692114897;en;1;Dirk Tuinman;31692114897;Jiplaan;117;;8294 DY;Hemrik
Intersolve-voucher-whatsapp;31611823647;en;1;Corrie Uitgeest;31611823647;Aminalaan;121;;8767 DB;Oirschot
Intersolve-voucher-whatsapp;31681792891;en;1;Bram Veldhuizen;31681792891;Karlijnweg;139;B;1112 WG;Smalle Ee
Intersolve-visa;31675083307;en;1;Ria Westerveld;31675083307;Mettering;183;;3047 TM;Velsen-Noord
Intersolve-visa;31696172867;en;1;Ton Ysselstein;31696172867;Irislaan;119;B;2898 ZT;Idskenhuizen
Intersolve-visa;31697258251;en;1;Joke Zonneveld;31697258251;Isabelsingel;166;B;1373OV;Ulvenhout AC
Intersolve-visa;31687053206;en;1;Bert Arendsen;31687053206;Isabellaan;145;bis;1111DU;Rouveen
